2015-12-23 05:35:56.714824,Mazagaon,PM10,116
2015-12-23 05:35:56.714824,Mazagaon,PM2.5,211
2015-12-23 05:35:56.714824,Mazagaon,NO2,172
2015-12-23 05:35:56.714824,Mazagaon,CO,29
2015-12-23 05:35:56.714824,Mazagaon,O3,70
2015-12-23 05:35:56.714824,Worali,PM10,131
2015-12-23 05:35:56.714824,Worali,PM2.5,245
2015-12-23 05:35:56.714824,Worali,NO2,45
2015-12-23 05:35:56.714824,Worali,CO,29
2015-12-23 05:35:56.714824,Worali,O3,21
2015-12-23 05:35:56.714824,BKC,PM10,126
2015-12-23 05:35:56.714824,BKC,PM2.5,232
2015-12-23 05:35:56.714824,BKC,NO2,158
2015-12-23 05:35:56.714824,BKC,CO,29
2015-12-23 05:35:56.714824,BKC,O3,22
2015-12-23 05:35:56.714824,Borivali,PM10,134
2015-12-23 05:35:56.714824,Borivali,PM2.5,297
2015-12-23 05:35:56.714824,Borivali,NO2,67
2015-12-23 05:35:56.714824,Borivali,CO,29
2015-12-23 05:35:56.714824,Borivali,O3,7
2015-12-23 05:35:56.714824,Chembur,PM10,159
2015-12-23 05:35:56.714824,Chembur,PM2.5,283
2015-12-23 05:35:56.714824,Chembur,NO2,60
2015-12-23 05:35:56.714824,Chembur,CO,29
2015-12-23 05:35:56.714824,Chembur,O3,8
2015-12-23 05:35:56.714824,Andheri,PM10,177
2015-12-23 05:35:56.714824,Andheri,PM2.5,326
2015-12-23 05:35:56.714824,Andheri,NO2,74
2015-12-23 05:35:56.714824,Andheri,CO,29
2015-12-23 05:35:56.714824,Andheri,O3,39
2015-12-23 05:35:56.714824,Malad,PM10,163
2015-12-23 05:35:56.714824,Malad,PM2.5,327
2015-12-23 05:35:56.714824,Malad,NO2,193
2015-12-23 05:35:56.714824,Malad,CO,29
2015-12-23 05:35:56.714824,Malad,O3,10
2015-12-23 05:35:56.714824,Bhandup,PM10,126
2015-12-23 05:35:56.714824,Bhandup,PM2.5,201
2015-12-23 05:35:56.714824,Bhandup,NO2,67
2015-12-23 05:35:56.714824,Bhandup,CO,59
2015-12-23 05:35:56.714824,Bhandup,O3,20
2015-12-23 05:35:56.714824,Colaba,PM10,112
2015-12-23 05:35:56.714824,Colaba,PM2.5,146
2015-12-23 05:35:56.714824,Colaba,NO2,19
2015-12-23 05:35:56.714824,Colaba,CO,29
2015-12-23 05:35:56.714824,Colaba,O3,24
2015-12-23 05:37:06.666282,Mazagaon,PM10,116
2015-12-23 05:37:06.666282,Mazagaon,PM2.5,211
2015-12-23 05:37:06.666282,Mazagaon,NO2,172
2015-12-23 05:37:06.666282,Mazagaon,CO,29
2015-12-23 05:37:06.666282,Mazagaon,O3,70
2015-12-23 05:37:06.666282,Worali,PM10,131
2015-12-23 05:37:06.666282,Worali,PM2.5,245
2015-12-23 05:37:06.666282,Worali,NO2,45
2015-12-23 05:37:06.666282,Worali,CO,29
2015-12-23 05:37:06.666282,Worali,O3,21
2015-12-23 05:37:06.666282,BKC,PM10,126
2015-12-23 05:37:06.666282,BKC,PM2.5,232
2015-12-23 05:37:06.666282,BKC,NO2,158
2015-12-23 05:37:06.666282,BKC,CO,29
2015-12-23 05:37:06.666282,BKC,O3,22
2015-12-23 05:37:06.666282,Borivali,PM10,134
2015-12-23 05:37:06.666282,Borivali,PM2.5,297
2015-12-23 05:37:06.666282,Borivali,NO2,67
2015-12-23 05:37:06.666282,Borivali,CO,29
2015-12-23 05:37:06.666282,Borivali,O3,7
2015-12-23 05:37:06.666282,Chembur,PM10,159
2015-12-23 05:37:06.666282,Chembur,PM2.5,283
2015-12-23 05:37:06.666282,Chembur,NO2,60
2015-12-23 05:37:06.666282,Chembur,CO,29
2015-12-23 05:37:06.666282,Chembur,O3,8
2015-12-23 05:37:06.666282,Andheri,PM10,177
2015-12-23 05:37:06.666282,Andheri,PM2.5,326
2015-12-23 05:37:06.666282,Andheri,NO2,74
2015-12-23 05:37:06.666282,Andheri,CO,29
2015-12-23 05:37:06.666282,Andheri,O3,39
2015-12-23 05:37:06.666282,Malad,PM10,163
2015-12-23 05:37:06.666282,Malad,PM2.5,327
2015-12-23 05:37:06.666282,Malad,NO2,193
2015-12-23 05:37:06.666282,Malad,CO,29
2015-12-23 05:37:06.666282,Malad,O3,10
2015-12-23 05:37:06.666282,Bhandup,PM10,126
2015-12-23 05:37:06.666282,Bhandup,PM2.5,201
2015-12-23 05:37:06.666282,Bhandup,NO2,67
2015-12-23 05:37:06.666282,Bhandup,CO,59
2015-12-23 05:37:06.666282,Bhandup,O3,20
2015-12-23 05:37:06.666282,Colaba,PM10,112
2015-12-23 05:37:06.666282,Colaba,PM2.5,146
2015-12-23 05:37:06.666282,Colaba,NO2,19
2015-12-23 05:37:06.666282,Colaba,CO,29
2015-12-23 05:37:06.666282,Colaba,O3,24
2015-12-23 08:00:03.640468,Mazagaon,PM10,116
2015-12-23 08:00:03.640468,Mazagaon,PM2.5,211
2015-12-23 08:00:03.640468,Mazagaon,NO2,172
2015-12-23 08:00:03.640468,Mazagaon,CO,29
2015-12-23 08:00:03.640468,Mazagaon,O3,70
2015-12-23 08:00:03.640468,Worali,PM10,134
2015-12-23 08:00:03.640468,Worali,PM2.5,259
2015-12-23 08:00:03.640468,Worali,NO2,48
2015-12-23 08:00:03.640468,Worali,CO,29
2015-12-23 08:00:03.640468,Worali,O3,87
2015-12-23 08:00:03.640468,BKC,PM10,129
2015-12-23 08:00:03.640468,BKC,PM2.5,242
2015-12-23 08:00:03.640468,BKC,NO2,160
2015-12-23 08:00:03.640468,BKC,CO,29
2015-12-23 08:00:03.640468,BKC,O3,33
2015-12-23 08:00:03.640468,Borivali,PM10,141
2015-12-23 08:00:03.640468,Borivali,PM2.5,300
2015-12-23 08:00:03.640468,Borivali,NO2,74
2015-12-23 08:00:03.640468,Borivali,CO,29
2015-12-23 08:00:03.640468,Borivali,O3,76
2015-12-23 08:00:03.640468,Chembur,PM10,173
2015-12-23 08:00:03.640468,Chembur,PM2.5,306
2015-12-23 08:00:03.640468,Chembur,NO2,60
2015-12-23 08:00:03.640468,Chembur,CO,29
2015-12-23 08:00:03.640468,Chembur,O3,99
2015-12-23 08:00:03.640468,Andheri,PM10,177
2015-12-23 08:00:03.640468,Andheri,PM2.5,326
2015-12-23 08:00:03.640468,Andheri,NO2,74
2015-12-23 08:00:03.640468,Andheri,CO,29
2015-12-23 08:00:03.640468,Andheri,O3,39
2015-12-23 08:00:03.640468,Malad,PM10,177
2015-12-23 08:00:03.640468,Malad,PM2.5,339
2015-12-23 08:00:03.640468,Malad,NO2,201
2015-12-23 08:00:03.640468,Malad,CO,
2015-12-23 08:00:03.640468,Malad,O3,54
2015-12-23 08:00:03.640468,Bhandup,PM10,138
2015-12-23 08:00:03.640468,Bhandup,PM2.5,245
2015-12-23 08:00:03.640468,Bhandup,NO2,76
2015-12-23 08:00:03.640468,Bhandup,CO,29
2015-12-23 08:00:03.640468,Bhandup,O3,72
2015-12-23 08:00:03.640468,Colaba,PM10,117
2015-12-23 08:00:03.640468,Colaba,PM2.5,163
2015-12-23 08:00:03.640468,Colaba,NO2,19
2015-12-23 08:00:03.640468,Colaba,CO,29
2015-12-23 08:00:03.640468,Colaba,O3,83
2015-12-23 12:00:03.964015,Mazagaon,PM10,116
2015-12-23 12:00:03.964015,Mazagaon,PM2.5,211
2015-12-23 12:00:03.964015,Mazagaon,NO2,172
2015-12-23 12:00:03.964015,Mazagaon,CO,29
2015-12-23 12:00:03.964015,Mazagaon,O3,70
2015-12-23 12:00:03.964015,Worali,PM10,136
2015-12-23 12:00:03.964015,Worali,PM2.5,266
2015-12-23 12:00:03.964015,Worali,NO2,48
2015-12-23 12:00:03.964015,Worali,CO,29
2015-12-23 12:00:03.964015,Worali,O3,92
2015-12-23 12:00:03.964015,BKC,PM10,132
2015-12-23 12:00:03.964015,BKC,PM2.5,252
2015-12-23 12:00:03.964015,BKC,NO2,166
2015-12-23 12:00:03.964015,BKC,CO,
2015-12-23 12:00:03.964015,BKC,O3,31
2015-12-23 12:00:03.964015,Borivali,PM10,146
2015-12-23 12:00:03.964015,Borivali,PM2.5,297
2015-12-23 12:00:03.964015,Borivali,NO2,76
2015-12-23 12:00:03.964015,Borivali,CO,29
2015-12-23 12:00:03.964015,Borivali,O3,83
2015-12-23 12:00:03.964015,Chembur,PM10,175
2015-12-23 12:00:03.964015,Chembur,PM2.5,306
2015-12-23 12:00:03.964015,Chembur,NO2,60
2015-12-23 12:00:03.964015,Chembur,CO,29
2015-12-23 12:00:03.964015,Chembur,O3,100
2015-12-23 12:00:03.964015,Andheri,PM10,177
2015-12-23 12:00:03.964015,Andheri,PM2.5,326
2015-12-23 12:00:03.964015,Andheri,NO2,74
2015-12-23 12:00:03.964015,Andheri,CO,29
2015-12-23 12:00:03.964015,Andheri,O3,39
2015-12-23 12:00:03.964015,Malad,PM10,181
2015-12-23 12:00:03.964015,Malad,PM2.5,342
2015-12-23 12:00:03.964015,Malad,NO2,201
2015-12-23 12:00:03.964015,Malad,CO,
2015-12-23 12:00:03.964015,Malad,O3,74
2015-12-23 12:00:03.964015,Bhandup,PM10,145
2015-12-23 12:00:03.964015,Bhandup,PM2.5,266
2015-12-23 12:00:03.964015,Bhandup,NO2,76
2015-12-23 12:00:03.964015,Bhandup,CO,29
2015-12-23 12:00:03.964015,Bhandup,O3,83
2015-12-23 12:00:03.964015,Colaba,PM10,120
2015-12-23 12:00:03.964015,Colaba,PM2.5,173
2015-12-23 12:00:03.964015,Colaba,NO2,21
2015-12-23 12:00:03.964015,Colaba,CO,29
2015-12-23 12:00:03.964015,Colaba,O3,98
2015-12-23 16:00:03.338362,Mazagaon,PM10,116
2015-12-23 16:00:03.338362,Mazagaon,PM2.5,211
2015-12-23 16:00:03.338362,Mazagaon,NO2,172
2015-12-23 16:00:03.338362,Mazagaon,CO,29
2015-12-23 16:00:03.338362,Mazagaon,O3,70
2015-12-23 16:00:03.338362,Worali,PM10,138
2015-12-23 16:00:03.338362,Worali,PM2.5,280
2015-12-23 16:00:03.338362,Worali,NO2,48
2015-12-23 16:00:03.338362,Worali,CO,29
2015-12-23 16:00:03.338362,Worali,O3,74
2015-12-23 16:00:03.338362,BKC,PM10,134
2015-12-23 16:00:03.338362,BKC,PM2.5,262
2015-12-23 16:00:03.338362,BKC,NO2,170
2015-12-23 16:00:03.338362,BKC,CO,29
2015-12-23 16:00:03.338362,BKC,O3,21
2015-12-23 16:00:03.338362,Borivali,PM10,149
2015-12-23 16:00:03.338362,Borivali,PM2.5,293
2015-12-23 16:00:03.338362,Borivali,NO2,79
2015-12-23 16:00:03.338362,Borivali,CO,
2015-12-23 16:00:03.338362,Borivali,O3,29
2015-12-23 16:00:03.338362,Chembur,PM10,178
2015-12-23 16:00:03.338362,Chembur,PM2.5,309
2015-12-23 16:00:03.338362,Chembur,NO2,64
2015-12-23 16:00:03.338362,Chembur,CO,29
2015-12-23 16:00:03.338362,Chembur,O3,39
2015-12-23 16:00:03.338362,Andheri,PM10,177
2015-12-23 16:00:03.338362,Andheri,PM2.5,326
2015-12-23 16:00:03.338362,Andheri,NO2,74
2015-12-23 16:00:03.338362,Andheri,CO,29
2015-12-23 16:00:03.338362,Andheri,O3,39
2015-12-23 16:00:03.338362,Malad,PM10,185
2015-12-23 16:00:03.338362,Malad,PM2.5,346
2015-12-23 16:00:03.338362,Malad,NO2,202
2015-12-23 16:00:03.338362,Malad,CO,
2015-12-23 16:00:03.338362,Malad,O3,59
2015-12-23 16:00:03.338362,Bhandup,PM10,155
2015-12-23 16:00:03.338362,Bhandup,PM2.5,301
2015-12-23 16:00:03.338362,Bhandup,NO2,79
2015-12-23 16:00:03.338362,Bhandup,CO,29
2015-12-23 16:00:03.338362,Bhandup,O3,78
2015-12-23 16:00:03.338362,Colaba,PM10,124
2015-12-23 16:00:03.338362,Colaba,PM2.5,187
2015-12-23 16:00:03.338362,Colaba,NO2,24
2015-12-23 16:00:03.338362,Colaba,CO,29
2015-12-23 16:00:03.338362,Colaba,O3,97
2015-12-23 20:00:03.676904,Mazagaon,PM10,116
2015-12-23 20:00:03.676904,Mazagaon,PM2.5,211
2015-12-23 20:00:03.676904,Mazagaon,NO2,172
2015-12-23 20:00:03.676904,Mazagaon,CO,29
2015-12-23 20:00:03.676904,Mazagaon,O3,70
2015-12-23 20:00:03.676904,Worali,PM10,140
2015-12-23 20:00:03.676904,Worali,PM2.5,286
2015-12-23 20:00:03.676904,Worali,NO2,48
2015-12-23 20:00:03.676904,Worali,CO,29
2015-12-23 20:00:03.676904,Worali,O3,54
2015-12-23 20:00:03.676904,BKC,PM10,136
2015-12-23 20:00:03.676904,BKC,PM2.5,273
2015-12-23 20:00:03.676904,BKC,NO2,172
2015-12-23 20:00:03.676904,BKC,CO,29
2015-12-23 20:00:03.676904,BKC,O3,20
2015-12-23 20:00:03.676904,Borivali,PM10,150
2015-12-23 20:00:03.676904,Borivali,PM2.5,283
2015-12-23 20:00:03.676904,Borivali,NO2,81
2015-12-23 20:00:03.676904,Borivali,CO,29
2015-12-23 20:00:03.676904,Borivali,O3,11
2015-12-23 20:00:03.676904,Chembur,PM10,180
2015-12-23 20:00:03.676904,Chembur,PM2.5,310
2015-12-23 20:00:03.676904,Chembur,NO2,62
2015-12-23 20:00:03.676904,Chembur,CO,29
2015-12-23 20:00:03.676904,Chembur,O3,23
2015-12-23 20:00:03.676904,Andheri,PM10,177
2015-12-23 20:00:03.676904,Andheri,PM2.5,326
2015-12-23 20:00:03.676904,Andheri,NO2,74
2015-12-23 20:00:03.676904,Andheri,CO,29
2015-12-23 20:00:03.676904,Andheri,O3,39
2015-12-23 20:00:03.676904,Malad,PM10,189
2015-12-23 20:00:03.676904,Malad,PM2.5,350
2015-12-23 20:00:03.676904,Malad,NO2,202
2015-12-23 20:00:03.676904,Malad,CO,29
2015-12-23 20:00:03.676904,Malad,O3,22
2015-12-23 20:00:03.676904,Bhandup,PM10,155
2015-12-23 20:00:03.676904,Bhandup,PM2.5,300
2015-12-23 20:00:03.676904,Bhandup,NO2,79
2015-12-23 20:00:03.676904,Bhandup,CO,29
2015-12-23 20:00:03.676904,Bhandup,O3,51
2015-12-23 20:00:03.676904,Colaba,PM10,126
2015-12-23 20:00:03.676904,Colaba,PM2.5,194
2015-12-23 20:00:03.676904,Colaba,NO2,26
2015-12-23 20:00:03.676904,Colaba,CO,29
2015-12-23 20:00:03.676904,Colaba,O3,69
2015-12-24 00:00:04.005721,Mazagaon,PM10,116
2015-12-24 00:00:04.005721,Mazagaon,PM2.5,211
2015-12-24 00:00:04.005721,Mazagaon,NO2,172
2015-12-24 00:00:04.005721,Mazagaon,CO,29
2015-12-24 00:00:04.005721,Mazagaon,O3,70
2015-12-24 00:00:04.005721,Worali,PM10,140
2015-12-24 00:00:04.005721,Worali,PM2.5,286
2015-12-24 00:00:04.005721,Worali,NO2,48
2015-12-24 00:00:04.005721,Worali,CO,29
2015-12-24 00:00:04.005721,Worali,O3,54
2015-12-24 00:00:04.005721,BKC,PM10,136
2015-12-24 00:00:04.005721,BKC,PM2.5,273
2015-12-24 00:00:04.005721,BKC,NO2,172
2015-12-24 00:00:04.005721,BKC,CO,29
2015-12-24 00:00:04.005721,BKC,O3,20
2015-12-24 00:00:04.005721,Borivali,PM10,150
2015-12-24 00:00:04.005721,Borivali,PM2.5,283
2015-12-24 00:00:04.005721,Borivali,NO2,81
2015-12-24 00:00:04.005721,Borivali,CO,29
2015-12-24 00:00:04.005721,Borivali,O3,11
2015-12-24 00:00:04.005721,Chembur,PM10,180
2015-12-24 00:00:04.005721,Chembur,PM2.5,310
2015-12-24 00:00:04.005721,Chembur,NO2,62
2015-12-24 00:00:04.005721,Chembur,CO,29
2015-12-24 00:00:04.005721,Chembur,O3,23
2015-12-24 00:00:04.005721,Andheri,PM10,177
2015-12-24 00:00:04.005721,Andheri,PM2.5,326
2015-12-24 00:00:04.005721,Andheri,NO2,74
2015-12-24 00:00:04.005721,Andheri,CO,29
2015-12-24 00:00:04.005721,Andheri,O3,39
2015-12-24 00:00:04.005721,Malad,PM10,189
2015-12-24 00:00:04.005721,Malad,PM2.5,350
2015-12-24 00:00:04.005721,Malad,NO2,202
2015-12-24 00:00:04.005721,Malad,CO,29
2015-12-24 00:00:04.005721,Malad,O3,22
2015-12-24 00:00:04.005721,Bhandup,PM10,155
2015-12-24 00:00:04.005721,Bhandup,PM2.5,300
2015-12-24 00:00:04.005721,Bhandup,NO2,79
2015-12-24 00:00:04.005721,Bhandup,CO,29
2015-12-24 00:00:04.005721,Bhandup,O3,51
2015-12-24 00:00:04.005721,Colaba,PM10,126
2015-12-24 00:00:04.005721,Colaba,PM2.5,194
2015-12-24 00:00:04.005721,Colaba,NO2,26
2015-12-24 00:00:04.005721,Colaba,CO,29
2015-12-24 00:00:04.005721,Colaba,O3,69
2015-12-24 04:00:03.295938,Mazagaon,PM10,116
2015-12-24 04:00:03.295938,Mazagaon,PM2.5,211
2015-12-24 04:00:03.295938,Mazagaon,NO2,172
2015-12-24 04:00:03.295938,Mazagaon,CO,29
2015-12-24 04:00:03.295938,Mazagaon,O3,70
2015-12-24 04:00:03.295938,Worali,PM10,113
2015-12-24 04:00:03.295938,Worali,PM2.5,180
2015-12-24 04:00:03.295938,Worali,NO2,43
2015-12-24 04:00:03.295938,Worali,CO,29
2015-12-24 04:00:03.295938,Worali,O3,14
2015-12-24 04:00:03.295938,BKC,PM10,132
2015-12-24 04:00:03.295938,BKC,PM2.5,256
2015-12-24 04:00:03.295938,BKC,NO2,170
2015-12-24 04:00:03.295938,BKC,CO,
2015-12-24 04:00:03.295938,BKC,O3,21
2015-12-24 04:00:03.295938,Borivali,PM10,151
2015-12-24 04:00:03.295938,Borivali,PM2.5,280
2015-12-24 04:00:03.295938,Borivali,NO2,101
2015-12-24 04:00:03.295938,Borivali,CO,29
2015-12-24 04:00:03.295938,Borivali,O3,11
2015-12-24 04:00:03.295938,Chembur,PM10,182
2015-12-24 04:00:03.295938,Chembur,PM2.5,312
2015-12-24 04:00:03.295938,Chembur,NO2,62
2015-12-24 04:00:03.295938,Chembur,CO,29
2015-12-24 04:00:03.295938,Chembur,O3,23
2015-12-24 04:00:03.295938,Andheri,PM10,177
2015-12-24 04:00:03.295938,Andheri,PM2.5,326
2015-12-24 04:00:03.295938,Andheri,NO2,74
2015-12-24 04:00:03.295938,Andheri,CO,29
2015-12-24 04:00:03.295938,Andheri,O3,39
2015-12-24 04:00:03.295938,Malad,PM10,177
2015-12-24 04:00:03.295938,Malad,PM2.5,338
2015-12-24 04:00:03.295938,Malad,NO2,181
2015-12-24 04:00:03.295938,Malad,CO,
2015-12-24 04:00:03.295938,Malad,O3,4
2015-12-24 04:00:03.295938,Bhandup,PM10,154
2015-12-24 04:00:03.295938,Bhandup,PM2.5,297
2015-12-24 04:00:03.295938,Bhandup,NO2,81
2015-12-24 04:00:03.295938,Bhandup,CO,29
2015-12-24 04:00:03.295938,Bhandup,O3,31
2015-12-24 04:00:03.295938,Colaba,PM10,119
2015-12-24 04:00:03.295938,Colaba,PM2.5,167
2015-12-24 04:00:03.295938,Colaba,NO2,26
2015-12-24 04:00:03.295938,Colaba,CO,29
2015-12-24 04:00:03.295938,Colaba,O3,33
2015-12-24 08:00:04.164231,Mazagaon,PM10,116
2015-12-24 08:00:04.164231,Mazagaon,PM2.5,211
2015-12-24 08:00:04.164231,Mazagaon,NO2,172
2015-12-24 08:00:04.164231,Mazagaon,CO,29
2015-12-24 08:00:04.164231,Mazagaon,O3,70
2015-12-24 08:00:04.164231,Worali,PM10,117
2015-12-24 08:00:04.164231,Worali,PM2.5,198
2015-12-24 08:00:04.164231,Worali,NO2,43
2015-12-24 08:00:04.164231,Worali,CO,29
2015-12-24 08:00:04.164231,Worali,O3,70
2015-12-24 08:00:04.164231,BKC,PM10,128
2015-12-24 08:00:04.164231,BKC,PM2.5,242
2015-12-24 08:00:04.164231,BKC,NO2,166
2015-12-24 08:00:04.164231,BKC,CO,29
2015-12-24 08:00:04.164231,BKC,O3,29
2015-12-24 08:00:04.164231,Borivali,PM10,151
2015-12-24 08:00:04.164231,Borivali,PM2.5,280
2015-12-24 08:00:04.164231,Borivali,NO2,79
2015-12-24 08:00:04.164231,Borivali,CO,29
2015-12-24 08:00:04.164231,Borivali,O3,68
2015-12-24 08:00:04.164231,Chembur,PM10,182
2015-12-24 08:00:04.164231,Chembur,PM2.5,312
2015-12-24 08:00:04.164231,Chembur,NO2,62
2015-12-24 08:00:04.164231,Chembur,CO,
2015-12-24 08:00:04.164231,Chembur,O3,89
2015-12-24 08:00:04.164231,Andheri,PM10,177
2015-12-24 08:00:04.164231,Andheri,PM2.5,326
2015-12-24 08:00:04.164231,Andheri,NO2,74
2015-12-24 08:00:04.164231,Andheri,CO,29
2015-12-24 08:00:04.164231,Andheri,O3,39
2015-12-24 08:00:04.164231,Malad,PM10,169
2015-12-24 08:00:04.164231,Malad,PM2.5,330
2015-12-24 08:00:04.164231,Malad,NO2,164
2015-12-24 08:00:04.164231,Malad,CO,
2015-12-24 08:00:04.164231,Malad,O3,51
2015-12-24 08:00:04.164231,Bhandup,PM10,148
2015-12-24 08:00:04.164231,Bhandup,PM2.5,266
2015-12-24 08:00:04.164231,Bhandup,NO2,67
2015-12-24 08:00:04.164231,Bhandup,CO,29
2015-12-24 08:00:04.164231,Bhandup,O3,59
2015-12-24 08:00:04.164231,Colaba,PM10,117
2015-12-24 08:00:04.164231,Colaba,PM2.5,160
2015-12-24 08:00:04.164231,Colaba,NO2,29
2015-12-24 08:00:04.164231,Colaba,CO,29
2015-12-24 08:00:04.164231,Colaba,O3,68
2015-12-24 12:00:03.489697,Mazagaon,PM10,116
2015-12-24 12:00:03.489697,Mazagaon,PM2.5,211
2015-12-24 12:00:03.489697,Mazagaon,NO2,172
2015-12-24 12:00:03.489697,Mazagaon,CO,29
2015-12-24 12:00:03.489697,Mazagaon,O3,70
2015-12-24 12:00:03.489697,Worali,PM10,116
2015-12-24 12:00:03.489697,Worali,PM2.5,194
2015-12-24 12:00:03.489697,Worali,NO2,43
2015-12-24 12:00:03.489697,Worali,CO,29
2015-12-24 12:00:03.489697,Worali,O3,84
2015-12-24 12:00:03.489697,BKC,PM10,127
2015-12-24 12:00:03.489697,BKC,PM2.5,242
2015-12-24 12:00:03.489697,BKC,NO2,166
2015-12-24 12:00:03.489697,BKC,CO,29
2015-12-24 12:00:03.489697,BKC,O3,40
2015-12-24 12:00:03.489697,Borivali,PM10,151
2015-12-24 12:00:03.489697,Borivali,PM2.5,280
2015-12-24 12:00:03.489697,Borivali,NO2,71
2015-12-24 12:00:03.489697,Borivali,CO,29
2015-12-24 12:00:03.489697,Borivali,O3,70
2015-12-24 12:00:03.489697,Chembur,PM10,182
2015-12-24 12:00:03.489697,Chembur,PM2.5,312
2015-12-24 12:00:03.489697,Chembur,NO2,60
2015-12-24 12:00:03.489697,Chembur,CO,
2015-12-24 12:00:03.489697,Chembur,O3,96
2015-12-24 12:00:03.489697,Andheri,PM10,177
2015-12-24 12:00:03.489697,Andheri,PM2.5,326
2015-12-24 12:00:03.489697,Andheri,NO2,74
2015-12-24 12:00:03.489697,Andheri,CO,29
2015-12-24 12:00:03.489697,Andheri,O3,39
2015-12-24 12:00:03.489697,Malad,PM10,167
2015-12-24 12:00:03.489697,Malad,PM2.5,329
2015-12-24 12:00:03.489697,Malad,NO2,164
2015-12-24 12:00:03.489697,Malad,CO,
2015-12-24 12:00:03.489697,Malad,O3,63
2015-12-24 12:00:03.489697,Bhandup,PM10,145
2015-12-24 12:00:03.489697,Bhandup,PM2.5,252
2015-12-24 12:00:03.489697,Bhandup,NO2,67
2015-12-24 12:00:03.489697,Bhandup,CO,29
2015-12-24 12:00:03.489697,Bhandup,O3,63
2015-12-24 12:00:03.489697,Colaba,PM10,116
2015-12-24 12:00:03.489697,Colaba,PM2.5,156
2015-12-24 12:00:03.489697,Colaba,NO2,33
2015-12-24 12:00:03.489697,Colaba,CO,29
2015-12-24 12:00:03.489697,Colaba,O3,87
2015-12-24 16:00:03.807207,Mazagaon,PM10,116
2015-12-24 16:00:03.807207,Mazagaon,PM2.5,211
2015-12-24 16:00:03.807207,Mazagaon,NO2,172
2015-12-24 16:00:03.807207,Mazagaon,CO,29
2015-12-24 16:00:03.807207,Mazagaon,O3,70
2015-12-24 16:00:03.807207,Worali,PM10,116
2015-12-24 16:00:03.807207,Worali,PM2.5,191
2015-12-24 16:00:03.807207,Worali,NO2,45
2015-12-24 16:00:03.807207,Worali,CO,29
2015-12-24 16:00:03.807207,Worali,O3,3
2015-12-24 16:00:03.807207,BKC,PM10,130
2015-12-24 16:00:03.807207,BKC,PM2.5,266
2015-12-24 16:00:03.807207,BKC,NO2,168
2015-12-24 16:00:03.807207,BKC,CO,29
2015-12-24 16:00:03.807207,BKC,O3,21
2015-12-24 16:00:03.807207,Borivali,PM10,151
2015-12-24 16:00:03.807207,Borivali,PM2.5,280
2015-12-24 16:00:03.807207,Borivali,NO2,86
2015-12-24 16:00:03.807207,Borivali,CO,29
2015-12-24 16:00:03.807207,Borivali,O3,4
2015-12-24 16:00:03.807207,Chembur,PM10,182
2015-12-24 16:00:03.807207,Chembur,PM2.5,312
2015-12-24 16:00:03.807207,Chembur,NO2,60
2015-12-24 16:00:03.807207,Chembur,CO,29
2015-12-24 16:00:03.807207,Chembur,O3,16
2015-12-24 16:00:03.807207,Andheri,PM10,177
2015-12-24 16:00:03.807207,Andheri,PM2.5,326
2015-12-24 16:00:03.807207,Andheri,NO2,74
2015-12-24 16:00:03.807207,Andheri,CO,29
2015-12-24 16:00:03.807207,Andheri,O3,39
2015-12-24 16:00:03.807207,Malad,PM10,169
2015-12-24 16:00:03.807207,Malad,PM2.5,330
2015-12-24 16:00:03.807207,Malad,NO2,181
2015-12-24 16:00:03.807207,Malad,CO,29
2015-12-24 16:00:03.807207,Malad,O3,6
2015-12-24 16:00:03.807207,Bhandup,PM10,132
2015-12-24 16:00:03.807207,Bhandup,PM2.5,208
2015-12-24 16:00:03.807207,Bhandup,NO2,67
2015-12-24 16:00:03.807207,Bhandup,CO,
2015-12-24 16:00:03.807207,Bhandup,O3,57
2015-12-24 16:00:03.807207,Colaba,PM10,114
2015-12-24 16:00:03.807207,Colaba,PM2.5,149
2015-12-24 16:00:03.807207,Colaba,NO2,36
2015-12-24 16:00:03.807207,Colaba,CO,29
2015-12-24 16:00:03.807207,Colaba,O3,28
2015-12-24 20:00:04.109953,Mazagaon,PM10,116
2015-12-24 20:00:04.109953,Mazagaon,PM2.5,211
2015-12-24 20:00:04.109953,Mazagaon,NO2,172
2015-12-24 20:00:04.109953,Mazagaon,CO,29
2015-12-24 20:00:04.109953,Mazagaon,O3,70
2015-12-24 20:00:04.109953,Worali,PM10,116
2015-12-24 20:00:04.109953,Worali,PM2.5,187
2015-12-24 20:00:04.109953,Worali,NO2,48
2015-12-24 20:00:04.109953,Worali,CO,29
2015-12-24 20:00:04.109953,Worali,O3,21
2015-12-24 20:00:04.109953,BKC,PM10,128
2015-12-24 20:00:04.109953,BKC,PM2.5,256
2015-12-24 20:00:04.109953,BKC,NO2,168
2015-12-24 20:00:04.109953,BKC,CO,29
2015-12-24 20:00:04.109953,BKC,O3,21
2015-12-24 20:00:04.109953,Borivali,PM10,151
2015-12-24 20:00:04.109953,Borivali,PM2.5,280
2015-12-24 20:00:04.109953,Borivali,NO2,93
2015-12-24 20:00:04.109953,Borivali,CO,29
2015-12-24 20:00:04.109953,Borivali,O3,43
2015-12-24 20:00:04.109953,Chembur,PM10,182
2015-12-24 20:00:04.109953,Chembur,PM2.5,312
2015-12-24 20:00:04.109953,Chembur,NO2,57
2015-12-24 20:00:04.109953,Chembur,CO,29
2015-12-24 20:00:04.109953,Chembur,O3,26
2015-12-24 20:00:04.109953,Andheri,PM10,177
2015-12-24 20:00:04.109953,Andheri,PM2.5,326
2015-12-24 20:00:04.109953,Andheri,NO2,74
2015-12-24 20:00:04.109953,Andheri,CO,29
2015-12-24 20:00:04.109953,Andheri,O3,39
2015-12-24 20:00:04.109953,Malad,PM10,170
2015-12-24 20:00:04.109953,Malad,PM2.5,332
2015-12-24 20:00:04.109953,Malad,NO2,185
2015-12-24 20:00:04.109953,Malad,CO,
2015-12-24 20:00:04.109953,Malad,O3,14
2015-12-24 20:00:04.109953,Bhandup,PM10,125
2015-12-24 20:00:04.109953,Bhandup,PM2.5,184
2015-12-24 20:00:04.109953,Bhandup,NO2,62
2015-12-24 20:00:04.109953,Bhandup,CO,
2015-12-24 20:00:04.109953,Bhandup,O3,66
2015-12-24 20:00:04.109953,Colaba,PM10,116
2015-12-24 20:00:04.109953,Colaba,PM2.5,156
2015-12-24 20:00:04.109953,Colaba,NO2,45
2015-12-24 20:00:04.109953,Colaba,CO,29
2015-12-24 20:00:04.109953,Colaba,O3,7
2015-12-25 00:00:03.381544,Mazagaon,PM10,116
2015-12-25 00:00:03.381544,Mazagaon,PM2.5,211
2015-12-25 00:00:03.381544,Mazagaon,NO2,172
2015-12-25 00:00:03.381544,Mazagaon,CO,29
2015-12-25 00:00:03.381544,Mazagaon,O3,70
2015-12-25 00:00:03.381544,Worali,PM10,116
2015-12-25 00:00:03.381544,Worali,PM2.5,187
2015-12-25 00:00:03.381544,Worali,NO2,48
2015-12-25 00:00:03.381544,Worali,CO,29
2015-12-25 00:00:03.381544,Worali,O3,21
2015-12-25 00:00:03.381544,BKC,PM10,128
2015-12-25 00:00:03.381544,BKC,PM2.5,256
2015-12-25 00:00:03.381544,BKC,NO2,168
2015-12-25 00:00:03.381544,BKC,CO,29
2015-12-25 00:00:03.381544,BKC,O3,21
2015-12-25 00:00:03.381544,Borivali,PM10,151
2015-12-25 00:00:03.381544,Borivali,PM2.5,280
2015-12-25 00:00:03.381544,Borivali,NO2,93
2015-12-25 00:00:03.381544,Borivali,CO,29
2015-12-25 00:00:03.381544,Borivali,O3,43
2015-12-25 00:00:03.381544,Chembur,PM10,182
2015-12-25 00:00:03.381544,Chembur,PM2.5,312
2015-12-25 00:00:03.381544,Chembur,NO2,57
2015-12-25 00:00:03.381544,Chembur,CO,29
2015-12-25 00:00:03.381544,Chembur,O3,26
2015-12-25 00:00:03.381544,Andheri,PM10,177
2015-12-25 00:00:03.381544,Andheri,PM2.5,326
2015-12-25 00:00:03.381544,Andheri,NO2,74
2015-12-25 00:00:03.381544,Andheri,CO,29
2015-12-25 00:00:03.381544,Andheri,O3,39
2015-12-25 00:00:03.381544,Malad,PM10,170
2015-12-25 00:00:03.381544,Malad,PM2.5,332
2015-12-25 00:00:03.381544,Malad,NO2,185
2015-12-25 00:00:03.381544,Malad,CO,
2015-12-25 00:00:03.381544,Malad,O3,14
2015-12-25 00:00:03.381544,Bhandup,PM10,125
2015-12-25 00:00:03.381544,Bhandup,PM2.5,184
2015-12-25 00:00:03.381544,Bhandup,NO2,62
2015-12-25 00:00:03.381544,Bhandup,CO,
2015-12-25 00:00:03.381544,Bhandup,O3,66
2015-12-25 00:00:03.381544,Colaba,PM10,116
2015-12-25 00:00:03.381544,Colaba,PM2.5,156
2015-12-25 00:00:03.381544,Colaba,NO2,45
2015-12-25 00:00:03.381544,Colaba,CO,29
2015-12-25 00:00:03.381544,Colaba,O3,7
2015-12-25 04:00:03.626509,Mazagaon,PM10,116
2015-12-25 04:00:03.626509,Mazagaon,PM2.5,211
2015-12-25 04:00:03.626509,Mazagaon,NO2,172
2015-12-25 04:00:03.626509,Mazagaon,CO,29
2015-12-25 04:00:03.626509,Mazagaon,O3,70
2015-12-25 04:00:03.626509,Worali,PM10,115
2015-12-25 04:00:03.626509,Worali,PM2.5,177
2015-12-25 04:00:03.626509,Worali,NO2,48
2015-12-25 04:00:03.626509,Worali,CO,
2015-12-25 04:00:03.626509,Worali,O3,32
2015-12-25 04:00:03.626509,BKC,PM10,120
2015-12-25 04:00:03.626509,BKC,PM2.5,228
2015-12-25 04:00:03.626509,BKC,NO2,158
2015-12-25 04:00:03.626509,BKC,CO,
2015-12-25 04:00:03.626509,BKC,O3,23
2015-12-25 04:00:03.626509,Borivali,PM10,151
2015-12-25 04:00:03.626509,Borivali,PM2.5,280
2015-12-25 04:00:03.626509,Borivali,NO2,81
2015-12-25 04:00:03.626509,Borivali,CO,29
2015-12-25 04:00:03.626509,Borivali,O3,61
2015-12-25 04:00:03.626509,Chembur,PM10,182
2015-12-25 04:00:03.626509,Chembur,PM2.5,312
2015-12-25 04:00:03.626509,Chembur,NO2,48
2015-12-25 04:00:03.626509,Chembur,CO,
2015-12-25 04:00:03.626509,Chembur,O3,30
2015-12-25 04:00:03.626509,Andheri,PM10,177
2015-12-25 04:00:03.626509,Andheri,PM2.5,326
2015-12-25 04:00:03.626509,Andheri,NO2,74
2015-12-25 04:00:03.626509,Andheri,CO,29
2015-12-25 04:00:03.626509,Andheri,O3,39
2015-12-25 04:00:03.626509,Malad,PM10,162
2015-12-25 04:00:03.626509,Malad,PM2.5,323
2015-12-25 04:00:03.626509,Malad,NO2,168
2015-12-25 04:00:03.626509,Malad,CO,
2015-12-25 04:00:03.626509,Malad,O3,18
2015-12-25 04:00:03.626509,Bhandup,PM10,125
2015-12-25 04:00:03.626509,Bhandup,PM2.5,184
2015-12-25 04:00:03.626509,Bhandup,NO2,43
2015-12-25 04:00:03.626509,Bhandup,CO,
2015-12-25 04:00:03.626509,Bhandup,O3,66
2015-12-25 04:00:03.626509,Colaba,PM10,114
2015-12-25 04:00:03.626509,Colaba,PM2.5,146
2015-12-25 04:00:03.626509,Colaba,NO2,45
2015-12-25 04:00:03.626509,Colaba,CO,29
2015-12-25 04:00:03.626509,Colaba,O3,47
2015-12-25 08:00:03.616562,Mazagaon,PM10,116
2015-12-25 08:00:03.616562,Mazagaon,PM2.5,211
2015-12-25 08:00:03.616562,Mazagaon,NO2,172
2015-12-25 08:00:03.616562,Mazagaon,CO,29
2015-12-25 08:00:03.616562,Mazagaon,O3,70
2015-12-25 08:00:03.616562,Worali,PM10,112
2015-12-25 08:00:03.616562,Worali,PM2.5,160
2015-12-25 08:00:03.616562,Worali,NO2,48
2015-12-25 08:00:03.616562,Worali,CO,29
2015-12-25 08:00:03.616562,Worali,O3,57
2015-12-25 08:00:03.616562,BKC,PM10,115
2015-12-25 08:00:03.616562,BKC,PM2.5,215
2015-12-25 08:00:03.616562,BKC,NO2,146
2015-12-25 08:00:03.616562,BKC,CO,
2015-12-25 08:00:03.616562,BKC,O3,38
2015-12-25 08:00:03.616562,Borivali,PM10,151
2015-12-25 08:00:03.616562,Borivali,PM2.5,280
2015-12-25 08:00:03.616562,Borivali,NO2,86
2015-12-25 08:00:03.616562,Borivali,CO,29
2015-12-25 08:00:03.616562,Borivali,O3,61
2015-12-25 08:00:03.616562,Chembur,PM10,182
2015-12-25 08:00:03.616562,Chembur,PM2.5,312
2015-12-25 08:00:03.616562,Chembur,NO2,48
2015-12-25 08:00:03.616562,Chembur,CO,
2015-12-25 08:00:03.616562,Chembur,O3,79
2015-12-25 08:00:03.616562,Andheri,PM10,177
2015-12-25 08:00:03.616562,Andheri,PM2.5,326
2015-12-25 08:00:03.616562,Andheri,NO2,74
2015-12-25 08:00:03.616562,Andheri,CO,29
2015-12-25 08:00:03.616562,Andheri,O3,39
2015-12-25 08:00:03.616562,Malad,PM10,146
2015-12-25 08:00:03.616562,Malad,PM2.5,308
2015-12-25 08:00:03.616562,Malad,NO2,156
2015-12-25 08:00:03.616562,Malad,CO,
2015-12-25 08:00:03.616562,Malad,O3,51
2015-12-25 08:00:03.616562,Bhandup,PM10,125
2015-12-25 08:00:03.616562,Bhandup,PM2.5,184
2015-12-25 08:00:03.616562,Bhandup,NO2,36
2015-12-25 08:00:03.616562,Bhandup,CO,
2015-12-25 08:00:03.616562,Bhandup,O3,66
2015-12-25 08:00:03.616562,Colaba,PM10,108
2015-12-25 08:00:03.616562,Colaba,PM2.5,125
2015-12-25 08:00:03.616562,Colaba,NO2,43
2015-12-25 08:00:03.616562,Colaba,CO,29
2015-12-25 08:00:03.616562,Colaba,O3,62
2015-12-25 12:00:04.156021,Mazagaon,PM10,116
2015-12-25 12:00:04.156021,Mazagaon,PM2.5,211
2015-12-25 12:00:04.156021,Mazagaon,NO2,172
2015-12-25 12:00:04.156021,Mazagaon,CO,29
2015-12-25 12:00:04.156021,Mazagaon,O3,70
2015-12-25 12:00:04.156021,Worali,PM10,113
2015-12-25 12:00:04.156021,Worali,PM2.5,167
2015-12-25 12:00:04.156021,Worali,NO2,50
2015-12-25 12:00:04.156021,Worali,CO,
2015-12-25 12:00:04.156021,Worali,O3,76
2015-12-25 12:00:04.156021,BKC,PM10,115
2015-12-25 12:00:04.156021,BKC,PM2.5,211
2015-12-25 12:00:04.156021,BKC,NO2,150
2015-12-25 12:00:04.156021,BKC,CO,29
2015-12-25 12:00:04.156021,BKC,O3,29
2015-12-25 12:00:04.156021,Borivali,PM10,151
2015-12-25 12:00:04.156021,Borivali,PM2.5,280
2015-12-25 12:00:04.156021,Borivali,NO2,105
2015-12-25 12:00:04.156021,Borivali,CO,29
2015-12-25 12:00:04.156021,Borivali,O3,61
2015-12-25 12:00:04.156021,Chembur,PM10,182
2015-12-25 12:00:04.156021,Chembur,PM2.5,312
2015-12-25 12:00:04.156021,Chembur,NO2,48
2015-12-25 12:00:04.156021,Chembur,CO,
2015-12-25 12:00:04.156021,Chembur,O3,80
2015-12-25 12:00:04.156021,Andheri,PM10,177
2015-12-25 12:00:04.156021,Andheri,PM2.5,326
2015-12-25 12:00:04.156021,Andheri,NO2,74
2015-12-25 12:00:04.156021,Andheri,CO,29
2015-12-25 12:00:04.156021,Andheri,O3,39
2015-12-25 12:00:04.156021,Malad,PM10,140
2015-12-25 12:00:04.156021,Malad,PM2.5,303
2015-12-25 12:00:04.156021,Malad,NO2,148
2015-12-25 12:00:04.156021,Malad,CO,
2015-12-25 12:00:04.156021,Malad,O3,57
2015-12-25 12:00:04.156021,Bhandup,PM10,125
2015-12-25 12:00:04.156021,Bhandup,PM2.5,184
2015-12-25 12:00:04.156021,Bhandup,NO2,24
2015-12-25 12:00:04.156021,Bhandup,CO,
2015-12-25 12:00:04.156021,Bhandup,O3,66
2015-12-25 12:00:04.156021,Colaba,PM10,106
2015-12-25 12:00:04.156021,Colaba,PM2.5,118
2015-12-25 12:00:04.156021,Colaba,NO2,38
2015-12-25 12:00:04.156021,Colaba,CO,29
2015-12-25 12:00:04.156021,Colaba,O3,76
2015-12-25 16:00:05.108114,Mazagaon,PM10,116
2015-12-25 16:00:05.108114,Mazagaon,PM2.5,211
2015-12-25 16:00:05.108114,Mazagaon,NO2,172
2015-12-25 16:00:05.108114,Mazagaon,CO,29
2015-12-25 16:00:05.108114,Mazagaon,O3,70
2015-12-25 16:00:05.108114,Worali,PM10,112
2015-12-25 16:00:05.108114,Worali,PM2.5,160
2015-12-25 16:00:05.108114,Worali,NO2,50
2015-12-25 16:00:05.108114,Worali,CO,29
2015-12-25 16:00:05.108114,Worali,O3,39
2015-12-25 16:00:05.108114,BKC,PM10,111
2015-12-25 16:00:05.108114,BKC,PM2.5,198
2015-12-25 16:00:05.108114,BKC,NO2,150
2015-12-25 16:00:05.108114,BKC,CO,29
2015-12-25 16:00:05.108114,BKC,O3,20
2015-12-25 16:00:05.108114,Borivali,PM10,151
2015-12-25 16:00:05.108114,Borivali,PM2.5,280
2015-12-25 16:00:05.108114,Borivali,NO2,86
2015-12-25 16:00:05.108114,Borivali,CO,29
2015-12-25 16:00:05.108114,Borivali,O3,61
2015-12-25 16:00:05.108114,Chembur,PM10,182
2015-12-25 16:00:05.108114,Chembur,PM2.5,312
2015-12-25 16:00:05.108114,Chembur,NO2,50
2015-12-25 16:00:05.108114,Chembur,CO,59
2015-12-25 16:00:05.108114,Chembur,O3,7
2015-12-25 16:00:05.108114,Andheri,PM10,177
2015-12-25 16:00:05.108114,Andheri,PM2.5,326
2015-12-25 16:00:05.108114,Andheri,NO2,74
2015-12-25 16:00:05.108114,Andheri,CO,29
2015-12-25 16:00:05.108114,Andheri,O3,39
2015-12-25 16:00:05.108114,Malad,PM10,142
2015-12-25 16:00:05.108114,Malad,PM2.5,304
2015-12-25 16:00:05.108114,Malad,NO2,140
2015-12-25 16:00:05.108114,Malad,CO,29
2015-12-25 16:00:05.108114,Malad,O3,12
2015-12-25 16:00:05.108114,Bhandup,PM10,125
2015-12-25 16:00:05.108114,Bhandup,PM2.5,184
2015-12-25 16:00:05.108114,Bhandup,NO2,21
2015-12-25 16:00:05.108114,Bhandup,CO,
2015-12-25 16:00:05.108114,Bhandup,O3,66
2015-12-25 16:00:05.108114,Colaba,PM10,105
2015-12-25 16:00:05.108114,Colaba,PM2.5,115
2015-12-25 16:00:05.108114,Colaba,NO2,33
2015-12-25 16:00:05.108114,Colaba,CO,29
2015-12-25 16:00:05.108114,Colaba,O3,71
2015-12-25 20:00:03.029935,Mazagaon,PM10,116
2015-12-25 20:00:03.029935,Mazagaon,PM2.5,211
2015-12-25 20:00:03.029935,Mazagaon,NO2,172
2015-12-25 20:00:03.029935,Mazagaon,CO,29
2015-12-25 20:00:03.029935,Mazagaon,O3,70
2015-12-25 20:00:03.029935,Worali,PM10,113
2015-12-25 20:00:03.029935,Worali,PM2.5,163
2015-12-25 20:00:03.029935,Worali,NO2,50
2015-12-25 20:00:03.029935,Worali,CO,29
2015-12-25 20:00:03.029935,Worali,O3,19
2015-12-25 20:00:03.029935,BKC,PM10,114
2015-12-25 20:00:03.029935,BKC,PM2.5,208
2015-12-25 20:00:03.029935,BKC,NO2,150
2015-12-25 20:00:03.029935,BKC,CO,29
2015-12-25 20:00:03.029935,BKC,O3,20
2015-12-25 20:00:03.029935,Borivali,PM10,151
2015-12-25 20:00:03.029935,Borivali,PM2.5,280
2015-12-25 20:00:03.029935,Borivali,NO2,26
2015-12-25 20:00:03.029935,Borivali,CO,29
2015-12-25 20:00:03.029935,Borivali,O3,61
2015-12-25 20:00:03.029935,Chembur,PM10,182
2015-12-25 20:00:03.029935,Chembur,PM2.5,312
2015-12-25 20:00:03.029935,Chembur,NO2,55
2015-12-25 20:00:03.029935,Chembur,CO,29
2015-12-25 20:00:03.029935,Chembur,O3,10
2015-12-25 20:00:03.029935,Andheri,PM10,177
2015-12-25 20:00:03.029935,Andheri,PM2.5,326
2015-12-25 20:00:03.029935,Andheri,NO2,74
2015-12-25 20:00:03.029935,Andheri,CO,29
2015-12-25 20:00:03.029935,Andheri,O3,39
2015-12-25 20:00:03.029935,Malad,PM10,144
2015-12-25 20:00:03.029935,Malad,PM2.5,306
2015-12-25 20:00:03.029935,Malad,NO2,146
2015-12-25 20:00:03.029935,Malad,CO,29
2015-12-25 20:00:03.029935,Malad,O3,9
2015-12-25 20:00:03.029935,Bhandup,PM10,125
2015-12-25 20:00:03.029935,Bhandup,PM2.5,184
2015-12-25 20:00:03.029935,Bhandup,NO2,21
2015-12-25 20:00:03.029935,Bhandup,CO,
2015-12-25 20:00:03.029935,Bhandup,O3,66
2015-12-25 20:00:03.029935,Colaba,PM10,103
2015-12-25 20:00:03.029935,Colaba,PM2.5,108
2015-12-25 20:00:03.029935,Colaba,NO2,24
2015-12-25 20:00:03.029935,Colaba,CO,29
2015-12-25 20:00:03.029935,Colaba,O3,7
2015-12-26 00:00:03.348924,Mazagaon,PM10,116
2015-12-26 00:00:03.348924,Mazagaon,PM2.5,211
2015-12-26 00:00:03.348924,Mazagaon,NO2,172
2015-12-26 00:00:03.348924,Mazagaon,CO,29
2015-12-26 00:00:03.348924,Mazagaon,O3,70
2015-12-26 00:00:03.348924,Worali,PM10,113
2015-12-26 00:00:03.348924,Worali,PM2.5,163
2015-12-26 00:00:03.348924,Worali,NO2,50
2015-12-26 00:00:03.348924,Worali,CO,29
2015-12-26 00:00:03.348924,Worali,O3,19
2015-12-26 00:00:03.348924,BKC,PM10,114
2015-12-26 00:00:03.348924,BKC,PM2.5,208
2015-12-26 00:00:03.348924,BKC,NO2,150
2015-12-26 00:00:03.348924,BKC,CO,29
2015-12-26 00:00:03.348924,BKC,O3,20
2015-12-26 00:00:03.348924,Borivali,PM10,151
2015-12-26 00:00:03.348924,Borivali,PM2.5,280
2015-12-26 00:00:03.348924,Borivali,NO2,26
2015-12-26 00:00:03.348924,Borivali,CO,29
2015-12-26 00:00:03.348924,Borivali,O3,61
2015-12-26 00:00:03.348924,Chembur,PM10,182
2015-12-26 00:00:03.348924,Chembur,PM2.5,312
2015-12-26 00:00:03.348924,Chembur,NO2,55
2015-12-26 00:00:03.348924,Chembur,CO,29
2015-12-26 00:00:03.348924,Chembur,O3,10
2015-12-26 00:00:03.348924,Andheri,PM10,177
2015-12-26 00:00:03.348924,Andheri,PM2.5,326
2015-12-26 00:00:03.348924,Andheri,NO2,74
2015-12-26 00:00:03.348924,Andheri,CO,29
2015-12-26 00:00:03.348924,Andheri,O3,39
2015-12-26 00:00:03.348924,Malad,PM10,144
2015-12-26 00:00:03.348924,Malad,PM2.5,306
2015-12-26 00:00:03.348924,Malad,NO2,146
2015-12-26 00:00:03.348924,Malad,CO,29
2015-12-26 00:00:03.348924,Malad,O3,9
2015-12-26 00:00:03.348924,Bhandup,PM10,125
2015-12-26 00:00:03.348924,Bhandup,PM2.5,184
2015-12-26 00:00:03.348924,Bhandup,NO2,21
2015-12-26 00:00:03.348924,Bhandup,CO,
2015-12-26 00:00:03.348924,Bhandup,O3,66
2015-12-26 00:00:03.348924,Colaba,PM10,103
2015-12-26 00:00:03.348924,Colaba,PM2.5,108
2015-12-26 00:00:03.348924,Colaba,NO2,24
2015-12-26 00:00:03.348924,Colaba,CO,29
2015-12-26 00:00:03.348924,Colaba,O3,7
2015-12-26 04:00:03.668651,Mazagaon,PM10,116
2015-12-26 04:00:03.668651,Mazagaon,PM2.5,211
2015-12-26 04:00:03.668651,Mazagaon,NO2,172
2015-12-26 04:00:03.668651,Mazagaon,CO,29
2015-12-26 04:00:03.668651,Mazagaon,O3,70
2015-12-26 04:00:03.668651,Worali,PM10,112
2015-12-26 04:00:03.668651,Worali,PM2.5,163
2015-12-26 04:00:03.668651,Worali,NO2,52
2015-12-26 04:00:03.668651,Worali,CO,
2015-12-26 04:00:03.668651,Worali,O3,50
2015-12-26 04:00:03.668651,BKC,PM10,116
2015-12-26 04:00:03.668651,BKC,PM2.5,218
2015-12-26 04:00:03.668651,BKC,NO2,148
2015-12-26 04:00:03.668651,BKC,CO,29
2015-12-26 04:00:03.668651,BKC,O3,21
2015-12-26 04:00:03.668651,Borivali,PM10,151
2015-12-26 04:00:03.668651,Borivali,PM2.5,280
2015-12-26 04:00:03.668651,Borivali,NO2,21
2015-12-26 04:00:03.668651,Borivali,CO,29
2015-12-26 04:00:03.668651,Borivali,O3,61
2015-12-26 04:00:03.668651,Chembur,PM10,182
2015-12-26 04:00:03.668651,Chembur,PM2.5,312
2015-12-26 04:00:03.668651,Chembur,NO2,57
2015-12-26 04:00:03.668651,Chembur,CO,29
2015-12-26 04:00:03.668651,Chembur,O3,16
2015-12-26 04:00:03.668651,Andheri,PM10,177
2015-12-26 04:00:03.668651,Andheri,PM2.5,326
2015-12-26 04:00:03.668651,Andheri,NO2,74
2015-12-26 04:00:03.668651,Andheri,CO,29
2015-12-26 04:00:03.668651,Andheri,O3,39
2015-12-26 04:00:03.668651,Malad,PM10,145
2015-12-26 04:00:03.668651,Malad,PM2.5,307
2015-12-26 04:00:03.668651,Malad,NO2,152
2015-12-26 04:00:03.668651,Malad,CO,29
2015-12-26 04:00:03.668651,Malad,O3,23
2015-12-26 04:00:03.668651,Bhandup,PM10,125
2015-12-26 04:00:03.668651,Bhandup,PM2.5,184
2015-12-26 04:00:03.668651,Bhandup,NO2,21
2015-12-26 04:00:03.668651,Bhandup,CO,
2015-12-26 04:00:03.668651,Bhandup,O3,66
2015-12-26 04:00:03.668651,Colaba,PM10,104
2015-12-26 04:00:03.668651,Colaba,PM2.5,111
2015-12-26 04:00:03.668651,Colaba,NO2,19
2015-12-26 04:00:03.668651,Colaba,CO,29
2015-12-26 04:00:03.668651,Colaba,O3,49
2015-12-26 08:00:03.539095,Mazagaon,PM10,116
2015-12-26 08:00:03.539095,Mazagaon,PM2.5,211
2015-12-26 08:00:03.539095,Mazagaon,NO2,172
2015-12-26 08:00:03.539095,Mazagaon,CO,29
2015-12-26 08:00:03.539095,Mazagaon,O3,70
2015-12-26 08:00:03.539095,Worali,PM10,112
2015-12-26 08:00:03.539095,Worali,PM2.5,163
2015-12-26 08:00:03.539095,Worali,NO2,50
2015-12-26 08:00:03.539095,Worali,CO,
2015-12-26 08:00:03.539095,Worali,O3,78
2015-12-26 08:00:03.539095,BKC,PM10,118
2015-12-26 08:00:03.539095,BKC,PM2.5,228
2015-12-26 08:00:03.539095,BKC,NO2,148
2015-12-26 08:00:03.539095,BKC,CO,29
2015-12-26 08:00:03.539095,BKC,O3,39
2015-12-26 08:00:03.539095,Borivali,PM10,151
2015-12-26 08:00:03.539095,Borivali,PM2.5,280
2015-12-26 08:00:03.539095,Borivali,NO2,36
2015-12-26 08:00:03.539095,Borivali,CO,29
2015-12-26 08:00:03.539095,Borivali,O3,77
2015-12-26 08:00:03.539095,Chembur,PM10,182
2015-12-26 08:00:03.539095,Chembur,PM2.5,312
2015-12-26 08:00:03.539095,Chembur,NO2,60
2015-12-26 08:00:03.539095,Chembur,CO,29
2015-12-26 08:00:03.539095,Chembur,O3,87
2015-12-26 08:00:03.539095,Andheri,PM10,177
2015-12-26 08:00:03.539095,Andheri,PM2.5,326
2015-12-26 08:00:03.539095,Andheri,NO2,74
2015-12-26 08:00:03.539095,Andheri,CO,29
2015-12-26 08:00:03.539095,Andheri,O3,39
2015-12-26 08:00:03.539095,Malad,PM10,151
2015-12-26 08:00:03.539095,Malad,PM2.5,313
2015-12-26 08:00:03.539095,Malad,NO2,154
2015-12-26 08:00:03.539095,Malad,CO,29
2015-12-26 08:00:03.539095,Malad,O3,53
2015-12-26 08:00:03.539095,Bhandup,PM10,134
2015-12-26 08:00:03.539095,Bhandup,PM2.5,218
2015-12-26 08:00:03.539095,Bhandup,NO2,62
2015-12-26 08:00:03.539095,Bhandup,CO,29
2015-12-26 08:00:03.539095,Bhandup,O3,63
2015-12-26 08:00:03.539095,Colaba,PM10,104
2015-12-26 08:00:03.539095,Colaba,PM2.5,108
2015-12-26 08:00:03.539095,Colaba,NO2,19
2015-12-26 08:00:03.539095,Colaba,CO,29
2015-12-26 08:00:03.539095,Colaba,O3,70
2015-12-26 12:00:03.860592,Mazagaon,PM10,116
2015-12-26 12:00:03.860592,Mazagaon,PM2.5,211
2015-12-26 12:00:03.860592,Mazagaon,NO2,172
2015-12-26 12:00:03.860592,Mazagaon,CO,29
2015-12-26 12:00:03.860592,Mazagaon,O3,70
2015-12-26 12:00:03.860592,Worali,PM10,113
2015-12-26 12:00:03.860592,Worali,PM2.5,163
2015-12-26 12:00:03.860592,Worali,NO2,50
2015-12-26 12:00:03.860592,Worali,CO,
2015-12-26 12:00:03.860592,Worali,O3,84
2015-12-26 12:00:03.860592,BKC,PM10,118
2015-12-26 12:00:03.860592,BKC,PM2.5,225
2015-12-26 12:00:03.860592,BKC,NO2,146
2015-12-26 12:00:03.860592,BKC,CO,29
2015-12-26 12:00:03.860592,BKC,O3,36
2015-12-26 12:00:03.860592,Borivali,PM10,151
2015-12-26 12:00:03.860592,Borivali,PM2.5,280
2015-12-26 12:00:03.860592,Borivali,NO2,31
2015-12-26 12:00:03.860592,Borivali,CO,29
2015-12-26 12:00:03.860592,Borivali,O3,82
2015-12-26 12:00:03.860592,Chembur,PM10,182
2015-12-26 12:00:03.860592,Chembur,PM2.5,312
2015-12-26 12:00:03.860592,Chembur,NO2,60
2015-12-26 12:00:03.860592,Chembur,CO,29
2015-12-26 12:00:03.860592,Chembur,O3,115
2015-12-26 12:00:03.860592,Andheri,PM10,177
2015-12-26 12:00:03.860592,Andheri,PM2.5,326
2015-12-26 12:00:03.860592,Andheri,NO2,74
2015-12-26 12:00:03.860592,Andheri,CO,29
2015-12-26 12:00:03.860592,Andheri,O3,39
2015-12-26 12:00:03.860592,Malad,PM10,152
2015-12-26 12:00:03.860592,Malad,PM2.5,313
2015-12-26 12:00:03.860592,Malad,NO2,154
2015-12-26 12:00:03.860592,Malad,CO,29
2015-12-26 12:00:03.860592,Malad,O3,60
2015-12-26 12:00:03.860592,Bhandup,PM10,136
2015-12-26 12:00:03.860592,Bhandup,PM2.5,221
2015-12-26 12:00:03.860592,Bhandup,NO2,62
2015-12-26 12:00:03.860592,Bhandup,CO,29
2015-12-26 12:00:03.860592,Bhandup,O3,72
2015-12-26 12:00:03.860592,Colaba,PM10,104
2015-12-26 12:00:03.860592,Colaba,PM2.5,108
2015-12-26 12:00:03.860592,Colaba,NO2,21
2015-12-26 12:00:03.860592,Colaba,CO,29
2015-12-26 12:00:03.860592,Colaba,O3,69
2015-12-26 16:00:04.228847,Mazagaon,PM10,116
2015-12-26 16:00:04.228847,Mazagaon,PM2.5,211
2015-12-26 16:00:04.228847,Mazagaon,NO2,172
2015-12-26 16:00:04.228847,Mazagaon,CO,29
2015-12-26 16:00:04.228847,Mazagaon,O3,70
2015-12-26 16:00:04.228847,Worali,PM10,114
2015-12-26 16:00:04.228847,Worali,PM2.5,167
2015-12-26 16:00:04.228847,Worali,NO2,50
2015-12-26 16:00:04.228847,Worali,CO,
2015-12-26 16:00:04.228847,Worali,O3,61
2015-12-26 16:00:04.228847,BKC,PM10,122
2015-12-26 16:00:04.228847,BKC,PM2.5,242
2015-12-26 16:00:04.228847,BKC,NO2,148
2015-12-26 16:00:04.228847,BKC,CO,29
2015-12-26 16:00:04.228847,BKC,O3,21
2015-12-26 16:00:04.228847,Borivali,PM10,151
2015-12-26 16:00:04.228847,Borivali,PM2.5,280
2015-12-26 16:00:04.228847,Borivali,NO2,50
2015-12-26 16:00:04.228847,Borivali,CO,
2015-12-26 16:00:04.228847,Borivali,O3,13
2015-12-26 16:00:04.228847,Chembur,PM10,182
2015-12-26 16:00:04.228847,Chembur,PM2.5,312
2015-12-26 16:00:04.228847,Chembur,NO2,62
2015-12-26 16:00:04.228847,Chembur,CO,29
2015-12-26 16:00:04.228847,Chembur,O3,8
2015-12-26 16:00:04.228847,Andheri,PM10,177
2015-12-26 16:00:04.228847,Andheri,PM2.5,326
2015-12-26 16:00:04.228847,Andheri,NO2,74
2015-12-26 16:00:04.228847,Andheri,CO,29
2015-12-26 16:00:04.228847,Andheri,O3,39
2015-12-26 16:00:04.228847,Malad,PM10,152
2015-12-26 16:00:04.228847,Malad,PM2.5,314
2015-12-26 16:00:04.228847,Malad,NO2,172
2015-12-26 16:00:04.228847,Malad,CO,29
2015-12-26 16:00:04.228847,Malad,O3,10
2015-12-26 16:00:04.228847,Bhandup,PM10,134
2015-12-26 16:00:04.228847,Bhandup,PM2.5,218
2015-12-26 16:00:04.228847,Bhandup,NO2,67
2015-12-26 16:00:04.228847,Bhandup,CO,29
2015-12-26 16:00:04.228847,Bhandup,O3,42
2015-12-26 16:00:04.228847,Colaba,PM10,104
2015-12-26 16:00:04.228847,Colaba,PM2.5,115
2015-12-26 16:00:04.228847,Colaba,NO2,26
2015-12-26 16:00:04.228847,Colaba,CO,29
2015-12-26 16:00:04.228847,Colaba,O3,74
2015-12-26 20:00:03.177456,Mazagaon,PM10,116
2015-12-26 20:00:03.177456,Mazagaon,PM2.5,211
2015-12-26 20:00:03.177456,Mazagaon,NO2,172
2015-12-26 20:00:03.177456,Mazagaon,CO,29
2015-12-26 20:00:03.177456,Mazagaon,O3,70
2015-12-26 20:00:03.177456,Worali,PM10,116
2015-12-26 20:00:03.177456,Worali,PM2.5,170
2015-12-26 20:00:03.177456,Worali,NO2,52
2015-12-26 20:00:03.177456,Worali,CO,59
2015-12-26 20:00:03.177456,Worali,O3,3
2015-12-26 20:00:03.177456,BKC,PM10,124
2015-12-26 20:00:03.177456,BKC,PM2.5,256
2015-12-26 20:00:03.177456,BKC,NO2,148
2015-12-26 20:00:03.177456,BKC,CO,29
2015-12-26 20:00:03.177456,BKC,O3,22
2015-12-26 20:00:03.177456,Borivali,PM10,151
2015-12-26 20:00:03.177456,Borivali,PM2.5,280
2015-12-26 20:00:03.177456,Borivali,NO2,60
2015-12-26 20:00:03.177456,Borivali,CO,
2015-12-26 20:00:03.177456,Borivali,O3,10
2015-12-26 20:00:03.177456,Chembur,PM10,182
2015-12-26 20:00:03.177456,Chembur,PM2.5,312
2015-12-26 20:00:03.177456,Chembur,NO2,67
2015-12-26 20:00:03.177456,Chembur,CO,29
2015-12-26 20:00:03.177456,Chembur,O3,12
2015-12-26 20:00:03.177456,Andheri,PM10,177
2015-12-26 20:00:03.177456,Andheri,PM2.5,326
2015-12-26 20:00:03.177456,Andheri,NO2,74
2015-12-26 20:00:03.177456,Andheri,CO,29
2015-12-26 20:00:03.177456,Andheri,O3,39
2015-12-26 20:00:03.177456,Malad,PM10,153
2015-12-26 20:00:03.177456,Malad,PM2.5,315
2015-12-26 20:00:03.177456,Malad,NO2,177
2015-12-26 20:00:03.177456,Malad,CO,29
2015-12-26 20:00:03.177456,Malad,O3,9
2015-12-26 20:00:03.177456,Bhandup,PM10,132
2015-12-26 20:00:03.177456,Bhandup,PM2.5,208
2015-12-26 20:00:03.177456,Bhandup,NO2,74
2015-12-26 20:00:03.177456,Bhandup,CO,59
2015-12-26 20:00:03.177456,Bhandup,O3,17
2015-12-26 20:00:03.177456,Colaba,PM10,109
2015-12-26 20:00:03.177456,Colaba,PM2.5,129
2015-12-26 20:00:03.177456,Colaba,NO2,33
2015-12-26 20:00:03.177456,Colaba,CO,59
2015-12-26 20:00:03.177456,Colaba,O3,3
2015-12-27 00:00:04.358941,Mazagaon,PM10,116
2015-12-27 00:00:04.358941,Mazagaon,PM2.5,211
2015-12-27 00:00:04.358941,Mazagaon,NO2,172
2015-12-27 00:00:04.358941,Mazagaon,CO,29
2015-12-27 00:00:04.358941,Mazagaon,O3,70
2015-12-27 00:00:04.358941,Worali,PM10,116
2015-12-27 00:00:04.358941,Worali,PM2.5,170
2015-12-27 00:00:04.358941,Worali,NO2,52
2015-12-27 00:00:04.358941,Worali,CO,59
2015-12-27 00:00:04.358941,Worali,O3,3
2015-12-27 00:00:04.358941,BKC,PM10,124
2015-12-27 00:00:04.358941,BKC,PM2.5,256
2015-12-27 00:00:04.358941,BKC,NO2,148
2015-12-27 00:00:04.358941,BKC,CO,29
2015-12-27 00:00:04.358941,BKC,O3,22
2015-12-27 00:00:04.358941,Borivali,PM10,151
2015-12-27 00:00:04.358941,Borivali,PM2.5,280
2015-12-27 00:00:04.358941,Borivali,NO2,60
2015-12-27 00:00:04.358941,Borivali,CO,
2015-12-27 00:00:04.358941,Borivali,O3,10
2015-12-27 00:00:04.358941,Chembur,PM10,182
2015-12-27 00:00:04.358941,Chembur,PM2.5,312
2015-12-27 00:00:04.358941,Chembur,NO2,67
2015-12-27 00:00:04.358941,Chembur,CO,29
2015-12-27 00:00:04.358941,Chembur,O3,12
2015-12-27 00:00:04.358941,Andheri,PM10,177
2015-12-27 00:00:04.358941,Andheri,PM2.5,326
2015-12-27 00:00:04.358941,Andheri,NO2,74
2015-12-27 00:00:04.358941,Andheri,CO,29
2015-12-27 00:00:04.358941,Andheri,O3,39
2015-12-27 00:00:04.358941,Malad,PM10,153
2015-12-27 00:00:04.358941,Malad,PM2.5,315
2015-12-27 00:00:04.358941,Malad,NO2,177
2015-12-27 00:00:04.358941,Malad,CO,29
2015-12-27 00:00:04.358941,Malad,O3,9
2015-12-27 00:00:04.358941,Bhandup,PM10,132
2015-12-27 00:00:04.358941,Bhandup,PM2.5,208
2015-12-27 00:00:04.358941,Bhandup,NO2,74
2015-12-27 00:00:04.358941,Bhandup,CO,59
2015-12-27 00:00:04.358941,Bhandup,O3,17
2015-12-27 00:00:04.358941,Colaba,PM10,109
2015-12-27 00:00:04.358941,Colaba,PM2.5,129
2015-12-27 00:00:04.358941,Colaba,NO2,33
2015-12-27 00:00:04.358941,Colaba,CO,59
2015-12-27 00:00:04.358941,Colaba,O3,3
2015-12-27 04:00:04.050944,Mazagaon,PM10,116
2015-12-27 04:00:04.050944,Mazagaon,PM2.5,211
2015-12-27 04:00:04.050944,Mazagaon,NO2,172
2015-12-27 04:00:04.050944,Mazagaon,CO,29
2015-12-27 04:00:04.050944,Mazagaon,O3,70
2015-12-27 04:00:04.050944,Worali,PM10,122
2015-12-27 04:00:04.050944,Worali,PM2.5,184
2015-12-27 04:00:04.050944,Worali,NO2,57
2015-12-27 04:00:04.050944,Worali,CO,29
2015-12-27 04:00:04.050944,Worali,O3,10
2015-12-27 04:00:04.050944,BKC,PM10,133
2015-12-27 04:00:04.050944,BKC,PM2.5,293
2015-12-27 04:00:04.050944,BKC,NO2,156
2015-12-27 04:00:04.050944,BKC,CO,
2015-12-27 04:00:04.050944,BKC,O3,21
2015-12-27 04:00:04.050944,Borivali,PM10,127
2015-12-27 04:00:04.050944,Borivali,PM2.5,225
2015-12-27 04:00:04.050944,Borivali,NO2,67
2015-12-27 04:00:04.050944,Borivali,CO,29
2015-12-27 04:00:04.050944,Borivali,O3,10
2015-12-27 04:00:04.050944,Chembur,PM10,182
2015-12-27 04:00:04.050944,Chembur,PM2.5,312
2015-12-27 04:00:04.050944,Chembur,NO2,69
2015-12-27 04:00:04.050944,Chembur,CO,29
2015-12-27 04:00:04.050944,Chembur,O3,13
2015-12-27 04:00:04.050944,Andheri,PM10,177
2015-12-27 04:00:04.050944,Andheri,PM2.5,326
2015-12-27 04:00:04.050944,Andheri,NO2,74
2015-12-27 04:00:04.050944,Andheri,CO,29
2015-12-27 04:00:04.050944,Andheri,O3,39
2015-12-27 04:00:04.050944,Malad,PM10,161
2015-12-27 04:00:04.050944,Malad,PM2.5,322
2015-12-27 04:00:04.050944,Malad,NO2,183
2015-12-27 04:00:04.050944,Malad,CO,29
2015-12-27 04:00:04.050944,Malad,O3,9
2015-12-27 04:00:04.050944,Bhandup,PM10,138
2015-12-27 04:00:04.050944,Bhandup,PM2.5,232
2015-12-27 04:00:04.050944,Bhandup,NO2,98
2015-12-27 04:00:04.050944,Bhandup,CO,29
2015-12-27 04:00:04.050944,Bhandup,O3,14
2015-12-27 04:00:04.050944,Colaba,PM10,119
2015-12-27 04:00:04.050944,Colaba,PM2.5,163
2015-12-27 04:00:04.050944,Colaba,NO2,38
2015-12-27 04:00:04.050944,Colaba,CO,59
2015-12-27 04:00:04.050944,Colaba,O3,1
2015-12-27 08:00:03.796215,Mazagaon,PM10,116
2015-12-27 08:00:03.796215,Mazagaon,PM2.5,211
2015-12-27 08:00:03.796215,Mazagaon,NO2,172
2015-12-27 08:00:03.796215,Mazagaon,CO,29
2015-12-27 08:00:03.796215,Mazagaon,O3,70
2015-12-27 08:00:03.796215,Worali,PM10,122
2015-12-27 08:00:03.796215,Worali,PM2.5,187
2015-12-27 08:00:03.796215,Worali,NO2,60
2015-12-27 08:00:03.796215,Worali,CO,29
2015-12-27 08:00:03.796215,Worali,O3,57
2015-12-27 08:00:03.796215,BKC,PM10,134
2015-12-27 08:00:03.796215,BKC,PM2.5,300
2015-12-27 08:00:03.796215,BKC,NO2,158
2015-12-27 08:00:03.796215,BKC,CO,
2015-12-27 08:00:03.796215,BKC,O3,31
2015-12-27 08:00:03.796215,Borivali,PM10,140
2015-12-27 08:00:03.796215,Borivali,PM2.5,301
2015-12-27 08:00:03.796215,Borivali,NO2,74
2015-12-27 08:00:03.796215,Borivali,CO,29
2015-12-27 08:00:03.796215,Borivali,O3,64
2015-12-27 08:00:03.796215,Chembur,PM10,197
2015-12-27 08:00:03.796215,Chembur,PM2.5,321
2015-12-27 08:00:03.796215,Chembur,NO2,69
2015-12-27 08:00:03.796215,Chembur,CO,29
2015-12-27 08:00:03.796215,Chembur,O3,79
2015-12-27 08:00:03.796215,Andheri,PM10,177
2015-12-27 08:00:03.796215,Andheri,PM2.5,326
2015-12-27 08:00:03.796215,Andheri,NO2,74
2015-12-27 08:00:03.796215,Andheri,CO,29
2015-12-27 08:00:03.796215,Andheri,O3,39
2015-12-27 08:00:03.796215,Malad,PM10,157
2015-12-27 08:00:03.796215,Malad,PM2.5,317
2015-12-27 08:00:03.796215,Malad,NO2,191
2015-12-27 08:00:03.796215,Malad,CO,29
2015-12-27 08:00:03.796215,Malad,O3,49
2015-12-27 08:00:03.796215,Bhandup,PM10,138
2015-12-27 08:00:03.796215,Bhandup,PM2.5,228
2015-12-27 08:00:03.796215,Bhandup,NO2,95
2015-12-27 08:00:03.796215,Bhandup,CO,29
2015-12-27 08:00:03.796215,Bhandup,O3,61
2015-12-27 08:00:03.796215,Colaba,PM10,125
2015-12-27 08:00:03.796215,Colaba,PM2.5,187
2015-12-27 08:00:03.796215,Colaba,NO2,40
2015-12-27 08:00:03.796215,Colaba,CO,59
2015-12-27 08:00:03.796215,Colaba,O3,37
2015-12-27 12:00:04.171256,Mazagaon,PM10,116
2015-12-27 12:00:04.171256,Mazagaon,PM2.5,211
2015-12-27 12:00:04.171256,Mazagaon,NO2,172
2015-12-27 12:00:04.171256,Mazagaon,CO,29
2015-12-27 12:00:04.171256,Mazagaon,O3,70
2015-12-27 12:00:04.171256,Worali,PM10,120
2015-12-27 12:00:04.171256,Worali,PM2.5,180
2015-12-27 12:00:04.171256,Worali,NO2,60
2015-12-27 12:00:04.171256,Worali,CO,
2015-12-27 12:00:04.171256,Worali,O3,132
2015-12-27 12:00:04.171256,BKC,PM10,138
2015-12-27 12:00:04.171256,BKC,PM2.5,304
2015-12-27 12:00:04.171256,BKC,NO2,154
2015-12-27 12:00:04.171256,BKC,CO,
2015-12-27 12:00:04.171256,BKC,O3,38
2015-12-27 12:00:04.171256,Borivali,PM10,136
2015-12-27 12:00:04.171256,Borivali,PM2.5,300
2015-12-27 12:00:04.171256,Borivali,NO2,74
2015-12-27 12:00:04.171256,Borivali,CO,29
2015-12-27 12:00:04.171256,Borivali,O3,69
2015-12-27 12:00:04.171256,Chembur,PM10,185
2015-12-27 12:00:04.171256,Chembur,PM2.5,312
2015-12-27 12:00:04.171256,Chembur,NO2,71
2015-12-27 12:00:04.171256,Chembur,CO,29
2015-12-27 12:00:04.171256,Chembur,O3,80
2015-12-27 12:00:04.171256,Andheri,PM10,177
2015-12-27 12:00:04.171256,Andheri,PM2.5,326
2015-12-27 12:00:04.171256,Andheri,NO2,74
2015-12-27 12:00:04.171256,Andheri,CO,29
2015-12-27 12:00:04.171256,Andheri,O3,39
2015-12-27 12:00:04.171256,Malad,PM10,157
2015-12-27 12:00:04.171256,Malad,PM2.5,318
2015-12-27 12:00:04.171256,Malad,NO2,193
2015-12-27 12:00:04.171256,Malad,CO,29
2015-12-27 12:00:04.171256,Malad,O3,74
2015-12-27 12:00:04.171256,Bhandup,PM10,137
2015-12-27 12:00:04.171256,Bhandup,PM2.5,225
2015-12-27 12:00:04.171256,Bhandup,NO2,95
2015-12-27 12:00:04.171256,Bhandup,CO,29
2015-12-27 12:00:04.171256,Bhandup,O3,61
2015-12-27 12:00:04.171256,Colaba,PM10,126
2015-12-27 12:00:04.171256,Colaba,PM2.5,191
2015-12-27 12:00:04.171256,Colaba,NO2,33
2015-12-27 12:00:04.171256,Colaba,CO,59
2015-12-27 12:00:04.171256,Colaba,O3,118
2015-12-27 16:00:03.522788,Mazagaon,PM10,116
2015-12-27 16:00:03.522788,Mazagaon,PM2.5,211
2015-12-27 16:00:03.522788,Mazagaon,NO2,172
2015-12-27 16:00:03.522788,Mazagaon,CO,29
2015-12-27 16:00:03.522788,Mazagaon,O3,70
2015-12-27 16:00:03.522788,Worali,PM10,118
2015-12-27 16:00:03.522788,Worali,PM2.5,177
2015-12-27 16:00:03.522788,Worali,NO2,60
2015-12-27 16:00:03.522788,Worali,CO,
2015-12-27 16:00:03.522788,Worali,O3,73
2015-12-27 16:00:03.522788,BKC,PM10,133
2015-12-27 16:00:03.522788,BKC,PM2.5,293
2015-12-27 16:00:03.522788,BKC,NO2,142
2015-12-27 16:00:03.522788,BKC,CO,
2015-12-27 16:00:03.522788,BKC,O3,19
2015-12-27 16:00:03.522788,Borivali,PM10,135
2015-12-27 16:00:03.522788,Borivali,PM2.5,297
2015-12-27 16:00:03.522788,Borivali,NO2,74
2015-12-27 16:00:03.522788,Borivali,CO,29
2015-12-27 16:00:03.522788,Borivali,O3,13
2015-12-27 16:00:03.522788,Chembur,PM10,173
2015-12-27 16:00:03.522788,Chembur,PM2.5,303
2015-12-27 16:00:03.522788,Chembur,NO2,69
2015-12-27 16:00:03.522788,Chembur,CO,29
2015-12-27 16:00:03.522788,Chembur,O3,8
2015-12-27 16:00:03.522788,Andheri,PM10,177
2015-12-27 16:00:03.522788,Andheri,PM2.5,326
2015-12-27 16:00:03.522788,Andheri,NO2,74
2015-12-27 16:00:03.522788,Andheri,CO,29
2015-12-27 16:00:03.522788,Andheri,O3,39
2015-12-27 16:00:03.522788,Malad,PM10,153
2015-12-27 16:00:03.522788,Malad,PM2.5,314
2015-12-27 16:00:03.522788,Malad,NO2,177
2015-12-27 16:00:03.522788,Malad,CO,
2015-12-27 16:00:03.522788,Malad,O3,39
2015-12-27 16:00:03.522788,Bhandup,PM10,128
2015-12-27 16:00:03.522788,Bhandup,PM2.5,198
2015-12-27 16:00:03.522788,Bhandup,NO2,95
2015-12-27 16:00:03.522788,Bhandup,CO,29
2015-12-27 16:00:03.522788,Bhandup,O3,57
2015-12-27 16:00:03.522788,Colaba,PM10,126
2015-12-27 16:00:03.522788,Colaba,PM2.5,191
2015-12-27 16:00:03.522788,Colaba,NO2,24
2015-12-27 16:00:03.522788,Colaba,CO,29
2015-12-27 16:00:03.522788,Colaba,O3,86
2015-12-27 20:00:03.845809,Mazagaon,PM10,116
2015-12-27 20:00:03.845809,Mazagaon,PM2.5,211
2015-12-27 20:00:03.845809,Mazagaon,NO2,172
2015-12-27 20:00:03.845809,Mazagaon,CO,29
2015-12-27 20:00:03.845809,Mazagaon,O3,70
2015-12-27 20:00:03.845809,Worali,PM10,112
2015-12-27 20:00:03.845809,Worali,PM2.5,156
2015-12-27 20:00:03.845809,Worali,NO2,52
2015-12-27 20:00:03.845809,Worali,CO,29
2015-12-27 20:00:03.845809,Worali,O3,51
2015-12-27 20:00:03.845809,BKC,PM10,128
2015-12-27 20:00:03.845809,BKC,PM2.5,273
2015-12-27 20:00:03.845809,BKC,NO2,132
2015-12-27 20:00:03.845809,BKC,CO,29
2015-12-27 20:00:03.845809,BKC,O3,22
2015-12-27 20:00:03.845809,Borivali,PM10,136
2015-12-27 20:00:03.845809,Borivali,PM2.5,293
2015-12-27 20:00:03.845809,Borivali,NO2,74
2015-12-27 20:00:03.845809,Borivali,CO,
2015-12-27 20:00:03.845809,Borivali,O3,19
2015-12-27 20:00:03.845809,Chembur,PM10,163
2015-12-27 20:00:03.845809,Chembur,PM2.5,280
2015-12-27 20:00:03.845809,Chembur,NO2,74
2015-12-27 20:00:03.845809,Chembur,CO,59
2015-12-27 20:00:03.845809,Chembur,O3,7
2015-12-27 20:00:03.845809,Andheri,PM10,177
2015-12-27 20:00:03.845809,Andheri,PM2.5,326
2015-12-27 20:00:03.845809,Andheri,NO2,74
2015-12-27 20:00:03.845809,Andheri,CO,29
2015-12-27 20:00:03.845809,Andheri,O3,39
2015-12-27 20:00:03.845809,Malad,PM10,148
2015-12-27 20:00:03.845809,Malad,PM2.5,309
2015-12-27 20:00:03.845809,Malad,NO2,170
2015-12-27 20:00:03.845809,Malad,CO,29
2015-12-27 20:00:03.845809,Malad,O3,7
2015-12-27 20:00:03.845809,Bhandup,PM10,128
2015-12-27 20:00:03.845809,Bhandup,PM2.5,201
2015-12-27 20:00:03.845809,Bhandup,NO2,95
2015-12-27 20:00:03.845809,Bhandup,CO,29
2015-12-27 20:00:03.845809,Bhandup,O3,6
2015-12-27 20:00:03.845809,Colaba,PM10,120
2015-12-27 20:00:03.845809,Colaba,PM2.5,167
2015-12-27 20:00:03.845809,Colaba,NO2,19
2015-12-27 20:00:03.845809,Colaba,CO,59
2015-12-27 20:00:03.845809,Colaba,O3,58
2015-12-28 00:00:04.185237,Mazagaon,PM10,116
2015-12-28 00:00:04.185237,Mazagaon,PM2.5,211
2015-12-28 00:00:04.185237,Mazagaon,NO2,172
2015-12-28 00:00:04.185237,Mazagaon,CO,29
2015-12-28 00:00:04.185237,Mazagaon,O3,70
2015-12-28 00:00:04.185237,Worali,PM10,112
2015-12-28 00:00:04.185237,Worali,PM2.5,156
2015-12-28 00:00:04.185237,Worali,NO2,52
2015-12-28 00:00:04.185237,Worali,CO,29
2015-12-28 00:00:04.185237,Worali,O3,51
2015-12-28 00:00:04.185237,BKC,PM10,128
2015-12-28 00:00:04.185237,BKC,PM2.5,273
2015-12-28 00:00:04.185237,BKC,NO2,132
2015-12-28 00:00:04.185237,BKC,CO,29
2015-12-28 00:00:04.185237,BKC,O3,22
2015-12-28 00:00:04.185237,Borivali,PM10,136
2015-12-28 00:00:04.185237,Borivali,PM2.5,293
2015-12-28 00:00:04.185237,Borivali,NO2,74
2015-12-28 00:00:04.185237,Borivali,CO,
2015-12-28 00:00:04.185237,Borivali,O3,19
2015-12-28 00:00:04.185237,Chembur,PM10,163
2015-12-28 00:00:04.185237,Chembur,PM2.5,280
2015-12-28 00:00:04.185237,Chembur,NO2,74
2015-12-28 00:00:04.185237,Chembur,CO,59
2015-12-28 00:00:04.185237,Chembur,O3,7
2015-12-28 00:00:04.185237,Andheri,PM10,177
2015-12-28 00:00:04.185237,Andheri,PM2.5,326
2015-12-28 00:00:04.185237,Andheri,NO2,74
2015-12-28 00:00:04.185237,Andheri,CO,29
2015-12-28 00:00:04.185237,Andheri,O3,39
2015-12-28 00:00:04.185237,Malad,PM10,148
2015-12-28 00:00:04.185237,Malad,PM2.5,309
2015-12-28 00:00:04.185237,Malad,NO2,170
2015-12-28 00:00:04.185237,Malad,CO,29
2015-12-28 00:00:04.185237,Malad,O3,7
2015-12-28 00:00:04.185237,Bhandup,PM10,128
2015-12-28 00:00:04.185237,Bhandup,PM2.5,201
2015-12-28 00:00:04.185237,Bhandup,NO2,95
2015-12-28 00:00:04.185237,Bhandup,CO,29
2015-12-28 00:00:04.185237,Bhandup,O3,6
2015-12-28 00:00:04.185237,Colaba,PM10,120
2015-12-28 00:00:04.185237,Colaba,PM2.5,167
2015-12-28 00:00:04.185237,Colaba,NO2,19
2015-12-28 00:00:04.185237,Colaba,CO,59
2015-12-28 00:00:04.185237,Colaba,O3,58
2015-12-28 04:00:03.496097,Mazagaon,PM10,116
2015-12-28 04:00:03.496097,Mazagaon,PM2.5,211
2015-12-28 04:00:03.496097,Mazagaon,NO2,172
2015-12-28 04:00:03.496097,Mazagaon,CO,29
2015-12-28 04:00:03.496097,Mazagaon,O3,70
2015-12-28 04:00:03.496097,Worali,PM10,116
2015-12-28 04:00:03.496097,Worali,PM2.5,180
2015-12-28 04:00:03.496097,Worali,NO2,55
2015-12-28 04:00:03.496097,Worali,CO,29
2015-12-28 04:00:03.496097,Worali,O3,6
2015-12-28 04:00:03.496097,BKC,PM10,144
2015-12-28 04:00:03.496097,BKC,PM2.5,313
2015-12-28 04:00:03.496097,BKC,NO2,142
2015-12-28 04:00:03.496097,BKC,CO,29
2015-12-28 04:00:03.496097,BKC,O3,22
2015-12-28 04:00:03.496097,Borivali,PM10,124
2015-12-28 04:00:03.496097,Borivali,PM2.5,280
2015-12-28 04:00:03.496097,Borivali,NO2,62
2015-12-28 04:00:03.496097,Borivali,CO,29
2015-12-28 04:00:03.496097,Borivali,O3,10
2015-12-28 04:00:03.496097,Chembur,PM10,153
2015-12-28 04:00:03.496097,Chembur,PM2.5,259
2015-12-28 04:00:03.496097,Chembur,NO2,90
2015-12-28 04:00:03.496097,Chembur,CO,29
2015-12-28 04:00:03.496097,Chembur,O3,9
2015-12-28 04:00:03.496097,Andheri,PM10,177
2015-12-28 04:00:03.496097,Andheri,PM2.5,326
2015-12-28 04:00:03.496097,Andheri,NO2,74
2015-12-28 04:00:03.496097,Andheri,CO,29
2015-12-28 04:00:03.496097,Andheri,O3,39
2015-12-28 04:00:03.496097,Malad,PM10,158
2015-12-28 04:00:03.496097,Malad,PM2.5,320
2015-12-28 04:00:03.496097,Malad,NO2,193
2015-12-28 04:00:03.496097,Malad,CO,29
2015-12-28 04:00:03.496097,Malad,O3,3
2015-12-28 04:00:03.496097,Bhandup,PM10,131
2015-12-28 04:00:03.496097,Bhandup,PM2.5,215
2015-12-28 04:00:03.496097,Bhandup,NO2,100
2015-12-28 04:00:03.496097,Bhandup,CO,29
2015-12-28 04:00:03.496097,Bhandup,O3,12
2015-12-28 04:00:03.496097,Colaba,PM10,122
2015-12-28 04:00:03.496097,Colaba,PM2.5,177
2015-12-28 04:00:03.496097,Colaba,NO2,36
2015-12-28 04:00:03.496097,Colaba,CO,59
2015-12-28 04:00:03.496097,Colaba,O3,4
2015-12-28 08:00:03.501632,Mazagaon,PM10,116
2015-12-28 08:00:03.501632,Mazagaon,PM2.5,211
2015-12-28 08:00:03.501632,Mazagaon,NO2,172
2015-12-28 08:00:03.501632,Mazagaon,CO,29
2015-12-28 08:00:03.501632,Mazagaon,O3,70
2015-12-28 08:00:03.501632,Worali,PM10,122
2015-12-28 08:00:03.501632,Worali,PM2.5,201
2015-12-28 08:00:03.501632,Worali,NO2,60
2015-12-28 08:00:03.501632,Worali,CO,29
2015-12-28 08:00:03.501632,Worali,O3,104
2015-12-28 08:00:03.501632,BKC,PM10,144
2015-12-28 08:00:03.501632,BKC,PM2.5,313
2015-12-28 08:00:03.501632,BKC,NO2,150
2015-12-28 08:00:03.501632,BKC,CO,29
2015-12-28 08:00:03.501632,BKC,O3,30
2015-12-28 08:00:03.501632,Borivali,PM10,110
2015-12-28 08:00:03.501632,Borivali,PM2.5,280
2015-12-28 08:00:03.501632,Borivali,NO2,55
2015-12-28 08:00:03.501632,Borivali,CO,29
2015-12-28 08:00:03.501632,Borivali,O3,60
2015-12-28 08:00:03.501632,Chembur,PM10,145
2015-12-28 08:00:03.501632,Chembur,PM2.5,235
2015-12-28 08:00:03.501632,Chembur,NO2,93
2015-12-28 08:00:03.501632,Chembur,CO,
2015-12-28 08:00:03.501632,Chembur,O3,86
2015-12-28 08:00:03.501632,Andheri,PM10,177
2015-12-28 08:00:03.501632,Andheri,PM2.5,326
2015-12-28 08:00:03.501632,Andheri,NO2,74
2015-12-28 08:00:03.501632,Andheri,CO,29
2015-12-28 08:00:03.501632,Andheri,O3,39
2015-12-28 08:00:03.501632,Malad,PM10,162
2015-12-28 08:00:03.501632,Malad,PM2.5,325
2015-12-28 08:00:03.501632,Malad,NO2,197
2015-12-28 08:00:03.501632,Malad,CO,29
2015-12-28 08:00:03.501632,Malad,O3,48
2015-12-28 08:00:03.501632,Bhandup,PM10,132
2015-12-28 08:00:03.501632,Bhandup,PM2.5,221
2015-12-28 08:00:03.501632,Bhandup,NO2,103
2015-12-28 08:00:03.501632,Bhandup,CO,29
2015-12-28 08:00:03.501632,Bhandup,O3,56
2015-12-28 08:00:03.501632,Colaba,PM10,126
2015-12-28 08:00:03.501632,Colaba,PM2.5,191
2015-12-28 08:00:03.501632,Colaba,NO2,40
2015-12-28 08:00:03.501632,Colaba,CO,29
2015-12-28 08:00:03.501632,Colaba,O3,56
2015-12-28 12:00:03.865406,Mazagaon,PM10,116
2015-12-28 12:00:03.865406,Mazagaon,PM2.5,211
2015-12-28 12:00:03.865406,Mazagaon,NO2,172
2015-12-28 12:00:03.865406,Mazagaon,CO,29
2015-12-28 12:00:03.865406,Mazagaon,O3,70
2015-12-28 12:00:03.865406,Worali,PM10,122
2015-12-28 12:00:03.865406,Worali,PM2.5,201
2015-12-28 12:00:03.865406,Worali,NO2,62
2015-12-28 12:00:03.865406,Worali,CO,29
2015-12-28 12:00:03.865406,Worali,O3,87
2015-12-28 12:00:03.865406,BKC,PM10,143
2015-12-28 12:00:03.865406,BKC,PM2.5,313
2015-12-28 12:00:03.865406,BKC,NO2,154
2015-12-28 12:00:03.865406,BKC,CO,
2015-12-28 12:00:03.865406,BKC,O3,33
2015-12-28 12:00:03.865406,Borivali,PM10,106
2015-12-28 12:00:03.865406,Borivali,PM2.5,280
2015-12-28 12:00:03.865406,Borivali,NO2,57
2015-12-28 12:00:03.865406,Borivali,CO,29
2015-12-28 12:00:03.865406,Borivali,O3,83
2015-12-28 12:00:03.865406,Chembur,PM10,140
2015-12-28 12:00:03.865406,Chembur,PM2.5,221
2015-12-28 12:00:03.865406,Chembur,NO2,95
2015-12-28 12:00:03.865406,Chembur,CO,
2015-12-28 12:00:03.865406,Chembur,O3,101
2015-12-28 12:00:03.865406,Andheri,PM10,177
2015-12-28 12:00:03.865406,Andheri,PM2.5,326
2015-12-28 12:00:03.865406,Andheri,NO2,74
2015-12-28 12:00:03.865406,Andheri,CO,29
2015-12-28 12:00:03.865406,Andheri,O3,39
2015-12-28 12:00:03.865406,Malad,PM10,160
2015-12-28 12:00:03.865406,Malad,PM2.5,322
2015-12-28 12:00:03.865406,Malad,NO2,201
2015-12-28 12:00:03.865406,Malad,CO,29
2015-12-28 12:00:03.865406,Malad,O3,64
2015-12-28 12:00:03.865406,Bhandup,PM10,132
2015-12-28 12:00:03.865406,Bhandup,PM2.5,221
2015-12-28 12:00:03.865406,Bhandup,NO2,101
2015-12-28 12:00:03.865406,Bhandup,CO,29
2015-12-28 12:00:03.865406,Bhandup,O3,79
2015-12-28 12:00:03.865406,Colaba,PM10,126
2015-12-28 12:00:03.865406,Colaba,PM2.5,191
2015-12-28 12:00:03.865406,Colaba,NO2,40
2015-12-28 12:00:03.865406,Colaba,CO,29
2015-12-28 12:00:03.865406,Colaba,O3,90
2015-12-28 16:00:04.347619,Mazagaon,PM10,116
2015-12-28 16:00:04.347619,Mazagaon,PM2.5,211
2015-12-28 16:00:04.347619,Mazagaon,NO2,172
2015-12-28 16:00:04.347619,Mazagaon,CO,29
2015-12-28 16:00:04.347619,Mazagaon,O3,70
2015-12-28 16:00:04.347619,Worali,PM10,123
2015-12-28 16:00:04.347619,Worali,PM2.5,204
2015-12-28 16:00:04.347619,Worali,NO2,62
2015-12-28 16:00:04.347619,Worali,CO,29
2015-12-28 16:00:04.347619,Worali,O3,73
2015-12-28 16:00:04.347619,BKC,PM10,141
2015-12-28 16:00:04.347619,BKC,PM2.5,311
2015-12-28 16:00:04.347619,BKC,NO2,166
2015-12-28 16:00:04.347619,BKC,CO,29
2015-12-28 16:00:04.347619,BKC,O3,20
2015-12-28 16:00:04.347619,Borivali,PM10,104
2015-12-28 16:00:04.347619,Borivali,PM2.5,280
2015-12-28 16:00:04.347619,Borivali,NO2,57
2015-12-28 16:00:04.347619,Borivali,CO,29
2015-12-28 16:00:04.347619,Borivali,O3,60
2015-12-28 16:00:04.347619,Chembur,PM10,130
2015-12-28 16:00:04.347619,Chembur,PM2.5,194
2015-12-28 16:00:04.347619,Chembur,NO2,90
2015-12-28 16:00:04.347619,Chembur,CO,29
2015-12-28 16:00:04.347619,Chembur,O3,18
2015-12-28 16:00:04.347619,Andheri,PM10,177
2015-12-28 16:00:04.347619,Andheri,PM2.5,326
2015-12-28 16:00:04.347619,Andheri,NO2,74
2015-12-28 16:00:04.347619,Andheri,CO,29
2015-12-28 16:00:04.347619,Andheri,O3,39
2015-12-28 16:00:04.347619,Malad,PM10,154
2015-12-28 16:00:04.347619,Malad,PM2.5,318
2015-12-28 16:00:04.347619,Malad,NO2,193
2015-12-28 16:00:04.347619,Malad,CO,29
2015-12-28 16:00:04.347619,Malad,O3,50
2015-12-28 16:00:04.347619,Bhandup,PM10,132
2015-12-28 16:00:04.347619,Bhandup,PM2.5,221
2015-12-28 16:00:04.347619,Bhandup,NO2,98
2015-12-28 16:00:04.347619,Bhandup,CO,29
2015-12-28 16:00:04.347619,Bhandup,O3,64
2015-12-28 16:00:04.347619,Colaba,PM10,123
2015-12-28 16:00:04.347619,Colaba,PM2.5,180
2015-12-28 16:00:04.347619,Colaba,NO2,45
2015-12-28 16:00:04.347619,Colaba,CO,29
2015-12-28 16:00:04.347619,Colaba,O3,71
2015-12-28 20:00:04.000124,Mazagaon,PM10,116
2015-12-28 20:00:04.000124,Mazagaon,PM2.5,211
2015-12-28 20:00:04.000124,Mazagaon,NO2,172
2015-12-28 20:00:04.000124,Mazagaon,CO,29
2015-12-28 20:00:04.000124,Mazagaon,O3,70
2015-12-28 20:00:04.000124,Worali,PM10,122
2015-12-28 20:00:04.000124,Worali,PM2.5,201
2015-12-28 20:00:04.000124,Worali,NO2,64
2015-12-28 20:00:04.000124,Worali,CO,
2015-12-28 20:00:04.000124,Worali,O3,40
2015-12-28 20:00:04.000124,BKC,PM10,142
2015-12-28 20:00:04.000124,BKC,PM2.5,313
2015-12-28 20:00:04.000124,BKC,NO2,174
2015-12-28 20:00:04.000124,BKC,CO,29
2015-12-28 20:00:04.000124,BKC,O3,20
2015-12-28 20:00:04.000124,Borivali,PM10,102
2015-12-28 20:00:04.000124,Borivali,PM2.5,280
2015-12-28 20:00:04.000124,Borivali,NO2,60
2015-12-28 20:00:04.000124,Borivali,CO,29
2015-12-28 20:00:04.000124,Borivali,O3,16
2015-12-28 20:00:04.000124,Chembur,PM10,120
2015-12-28 20:00:04.000124,Chembur,PM2.5,167
2015-12-28 20:00:04.000124,Chembur,NO2,93
2015-12-28 20:00:04.000124,Chembur,CO,59
2015-12-28 20:00:04.000124,Chembur,O3,7
2015-12-28 20:00:04.000124,Andheri,PM10,177
2015-12-28 20:00:04.000124,Andheri,PM2.5,326
2015-12-28 20:00:04.000124,Andheri,NO2,74
2015-12-28 20:00:04.000124,Andheri,CO,29
2015-12-28 20:00:04.000124,Andheri,O3,39
2015-12-28 20:00:04.000124,Malad,PM10,152
2015-12-28 20:00:04.000124,Malad,PM2.5,316
2015-12-28 20:00:04.000124,Malad,NO2,189
2015-12-28 20:00:04.000124,Malad,CO,
2015-12-28 20:00:04.000124,Malad,O3,3
2015-12-28 20:00:04.000124,Bhandup,PM10,143
2015-12-28 20:00:04.000124,Bhandup,PM2.5,259
2015-12-28 20:00:04.000124,Bhandup,NO2,95
2015-12-28 20:00:04.000124,Bhandup,CO,29
2015-12-28 20:00:04.000124,Bhandup,O3,9
2015-12-28 20:00:04.000124,Colaba,PM10,122
2015-12-28 20:00:04.000124,Colaba,PM2.5,180
2015-12-28 20:00:04.000124,Colaba,NO2,52
2015-12-28 20:00:04.000124,Colaba,CO,59
2015-12-28 20:00:04.000124,Colaba,O3,22
2015-12-29 00:00:03.289845,Mazagaon,PM10,116
2015-12-29 00:00:03.289845,Mazagaon,PM2.5,211
2015-12-29 00:00:03.289845,Mazagaon,NO2,172
2015-12-29 00:00:03.289845,Mazagaon,CO,29
2015-12-29 00:00:03.289845,Mazagaon,O3,70
2015-12-29 00:00:03.289845,Worali,PM10,122
2015-12-29 00:00:03.289845,Worali,PM2.5,201
2015-12-29 00:00:03.289845,Worali,NO2,64
2015-12-29 00:00:03.289845,Worali,CO,
2015-12-29 00:00:03.289845,Worali,O3,40
2015-12-29 00:00:03.289845,BKC,PM10,142
2015-12-29 00:00:03.289845,BKC,PM2.5,313
2015-12-29 00:00:03.289845,BKC,NO2,174
2015-12-29 00:00:03.289845,BKC,CO,29
2015-12-29 00:00:03.289845,BKC,O3,20
2015-12-29 00:00:03.289845,Borivali,PM10,102
2015-12-29 00:00:03.289845,Borivali,PM2.5,280
2015-12-29 00:00:03.289845,Borivali,NO2,60
2015-12-29 00:00:03.289845,Borivali,CO,29
2015-12-29 00:00:03.289845,Borivali,O3,16
2015-12-29 00:00:03.289845,Chembur,PM10,120
2015-12-29 00:00:03.289845,Chembur,PM2.5,167
2015-12-29 00:00:03.289845,Chembur,NO2,93
2015-12-29 00:00:03.289845,Chembur,CO,59
2015-12-29 00:00:03.289845,Chembur,O3,7
2015-12-29 00:00:03.289845,Andheri,PM10,177
2015-12-29 00:00:03.289845,Andheri,PM2.5,326
2015-12-29 00:00:03.289845,Andheri,NO2,74
2015-12-29 00:00:03.289845,Andheri,CO,29
2015-12-29 00:00:03.289845,Andheri,O3,39
2015-12-29 00:00:03.289845,Malad,PM10,152
2015-12-29 00:00:03.289845,Malad,PM2.5,316
2015-12-29 00:00:03.289845,Malad,NO2,189
2015-12-29 00:00:03.289845,Malad,CO,
2015-12-29 00:00:03.289845,Malad,O3,3
2015-12-29 00:00:03.289845,Bhandup,PM10,143
2015-12-29 00:00:03.289845,Bhandup,PM2.5,259
2015-12-29 00:00:03.289845,Bhandup,NO2,95
2015-12-29 00:00:03.289845,Bhandup,CO,29
2015-12-29 00:00:03.289845,Bhandup,O3,9
2015-12-29 00:00:03.289845,Colaba,PM10,122
2015-12-29 00:00:03.289845,Colaba,PM2.5,180
2015-12-29 00:00:03.289845,Colaba,NO2,52
2015-12-29 00:00:03.289845,Colaba,CO,59
2015-12-29 00:00:03.289845,Colaba,O3,22
2015-12-29 04:00:03.718508,Mazagaon,PM10,116
2015-12-29 04:00:03.718508,Mazagaon,PM2.5,211
2015-12-29 04:00:03.718508,Mazagaon,NO2,172
2015-12-29 04:00:03.718508,Mazagaon,CO,29
2015-12-29 04:00:03.718508,Mazagaon,O3,70
2015-12-29 04:00:03.718508,Worali,PM10,122
2015-12-29 04:00:03.718508,Worali,PM2.5,201
2015-12-29 04:00:03.718508,Worali,NO2,64
2015-12-29 04:00:03.718508,Worali,CO,
2015-12-29 04:00:03.718508,Worali,O3,40
2015-12-29 04:00:03.718508,BKC,PM10,142
2015-12-29 04:00:03.718508,BKC,PM2.5,313
2015-12-29 04:00:03.718508,BKC,NO2,174
2015-12-29 04:00:03.718508,BKC,CO,29
2015-12-29 04:00:03.718508,BKC,O3,20
2015-12-29 04:00:03.718508,Borivali,PM10,102
2015-12-29 04:00:03.718508,Borivali,PM2.5,280
2015-12-29 04:00:03.718508,Borivali,NO2,60
2015-12-29 04:00:03.718508,Borivali,CO,29
2015-12-29 04:00:03.718508,Borivali,O3,16
2015-12-29 04:00:03.718508,Chembur,PM10,120
2015-12-29 04:00:03.718508,Chembur,PM2.5,167
2015-12-29 04:00:03.718508,Chembur,NO2,93
2015-12-29 04:00:03.718508,Chembur,CO,59
2015-12-29 04:00:03.718508,Chembur,O3,7
2015-12-29 04:00:03.718508,Andheri,PM10,177
2015-12-29 04:00:03.718508,Andheri,PM2.5,326
2015-12-29 04:00:03.718508,Andheri,NO2,74
2015-12-29 04:00:03.718508,Andheri,CO,29
2015-12-29 04:00:03.718508,Andheri,O3,39
2015-12-29 04:00:03.718508,Malad,PM10,152
2015-12-29 04:00:03.718508,Malad,PM2.5,316
2015-12-29 04:00:03.718508,Malad,NO2,189
2015-12-29 04:00:03.718508,Malad,CO,
2015-12-29 04:00:03.718508,Malad,O3,3
2015-12-29 04:00:03.718508,Bhandup,PM10,143
2015-12-29 04:00:03.718508,Bhandup,PM2.5,259
2015-12-29 04:00:03.718508,Bhandup,NO2,95
2015-12-29 04:00:03.718508,Bhandup,CO,29
2015-12-29 04:00:03.718508,Bhandup,O3,9
2015-12-29 04:00:03.718508,Colaba,PM10,122
2015-12-29 04:00:03.718508,Colaba,PM2.5,180
2015-12-29 04:00:03.718508,Colaba,NO2,52
2015-12-29 04:00:03.718508,Colaba,CO,59
2015-12-29 04:00:03.718508,Colaba,O3,22
2015-12-29 08:00:03.297485,Mazagaon,PM10,116
2015-12-29 08:00:03.297485,Mazagaon,PM2.5,211
2015-12-29 08:00:03.297485,Mazagaon,NO2,172
2015-12-29 08:00:03.297485,Mazagaon,CO,29
2015-12-29 08:00:03.297485,Mazagaon,O3,70
2015-12-29 08:00:03.297485,Worali,PM10,122
2015-12-29 08:00:03.297485,Worali,PM2.5,201
2015-12-29 08:00:03.297485,Worali,NO2,64
2015-12-29 08:00:03.297485,Worali,CO,
2015-12-29 08:00:03.297485,Worali,O3,40
2015-12-29 08:00:03.297485,BKC,PM10,142
2015-12-29 08:00:03.297485,BKC,PM2.5,313
2015-12-29 08:00:03.297485,BKC,NO2,174
2015-12-29 08:00:03.297485,BKC,CO,29
2015-12-29 08:00:03.297485,BKC,O3,20
2015-12-29 08:00:03.297485,Borivali,PM10,102
2015-12-29 08:00:03.297485,Borivali,PM2.5,280
2015-12-29 08:00:03.297485,Borivali,NO2,60
2015-12-29 08:00:03.297485,Borivali,CO,29
2015-12-29 08:00:03.297485,Borivali,O3,16
2015-12-29 08:00:03.297485,Chembur,PM10,120
2015-12-29 08:00:03.297485,Chembur,PM2.5,167
2015-12-29 08:00:03.297485,Chembur,NO2,93
2015-12-29 08:00:03.297485,Chembur,CO,59
2015-12-29 08:00:03.297485,Chembur,O3,7
2015-12-29 08:00:03.297485,Andheri,PM10,177
2015-12-29 08:00:03.297485,Andheri,PM2.5,326
2015-12-29 08:00:03.297485,Andheri,NO2,74
2015-12-29 08:00:03.297485,Andheri,CO,29
2015-12-29 08:00:03.297485,Andheri,O3,39
2015-12-29 08:00:03.297485,Malad,PM10,152
2015-12-29 08:00:03.297485,Malad,PM2.5,316
2015-12-29 08:00:03.297485,Malad,NO2,189
2015-12-29 08:00:03.297485,Malad,CO,
2015-12-29 08:00:03.297485,Malad,O3,3
2015-12-29 08:00:03.297485,Bhandup,PM10,143
2015-12-29 08:00:03.297485,Bhandup,PM2.5,259
2015-12-29 08:00:03.297485,Bhandup,NO2,95
2015-12-29 08:00:03.297485,Bhandup,CO,29
2015-12-29 08:00:03.297485,Bhandup,O3,9
2015-12-29 08:00:03.297485,Colaba,PM10,122
2015-12-29 08:00:03.297485,Colaba,PM2.5,180
2015-12-29 08:00:03.297485,Colaba,NO2,52
2015-12-29 08:00:03.297485,Colaba,CO,59
2015-12-29 08:00:03.297485,Colaba,O3,22
2015-12-29 12:00:03.869850,Mazagaon,PM10,116
2015-12-29 12:00:03.869850,Mazagaon,PM2.5,211
2015-12-29 12:00:03.869850,Mazagaon,NO2,172
2015-12-29 12:00:03.869850,Mazagaon,CO,29
2015-12-29 12:00:03.869850,Mazagaon,O3,70
2015-12-29 12:00:03.869850,Worali,PM10,122
2015-12-29 12:00:03.869850,Worali,PM2.5,201
2015-12-29 12:00:03.869850,Worali,NO2,64
2015-12-29 12:00:03.869850,Worali,CO,
2015-12-29 12:00:03.869850,Worali,O3,40
2015-12-29 12:00:03.869850,BKC,PM10,142
2015-12-29 12:00:03.869850,BKC,PM2.5,313
2015-12-29 12:00:03.869850,BKC,NO2,174
2015-12-29 12:00:03.869850,BKC,CO,29
2015-12-29 12:00:03.869850,BKC,O3,20
2015-12-29 12:00:03.869850,Borivali,PM10,102
2015-12-29 12:00:03.869850,Borivali,PM2.5,280
2015-12-29 12:00:03.869850,Borivali,NO2,60
2015-12-29 12:00:03.869850,Borivali,CO,29
2015-12-29 12:00:03.869850,Borivali,O3,16
2015-12-29 12:00:03.869850,Chembur,PM10,120
2015-12-29 12:00:03.869850,Chembur,PM2.5,167
2015-12-29 12:00:03.869850,Chembur,NO2,93
2015-12-29 12:00:03.869850,Chembur,CO,59
2015-12-29 12:00:03.869850,Chembur,O3,7
2015-12-29 12:00:03.869850,Andheri,PM10,177
2015-12-29 12:00:03.869850,Andheri,PM2.5,326
2015-12-29 12:00:03.869850,Andheri,NO2,74
2015-12-29 12:00:03.869850,Andheri,CO,29
2015-12-29 12:00:03.869850,Andheri,O3,39
2015-12-29 12:00:03.869850,Malad,PM10,152
2015-12-29 12:00:03.869850,Malad,PM2.5,316
2015-12-29 12:00:03.869850,Malad,NO2,189
2015-12-29 12:00:03.869850,Malad,CO,
2015-12-29 12:00:03.869850,Malad,O3,3
2015-12-29 12:00:03.869850,Bhandup,PM10,143
2015-12-29 12:00:03.869850,Bhandup,PM2.5,259
2015-12-29 12:00:03.869850,Bhandup,NO2,95
2015-12-29 12:00:03.869850,Bhandup,CO,29
2015-12-29 12:00:03.869850,Bhandup,O3,9
2015-12-29 12:00:03.869850,Colaba,PM10,122
2015-12-29 12:00:03.869850,Colaba,PM2.5,180
2015-12-29 12:00:03.869850,Colaba,NO2,52
2015-12-29 12:00:03.869850,Colaba,CO,59
2015-12-29 12:00:03.869850,Colaba,O3,22
2015-12-29 16:00:04.220987,Mazagaon,PM10,116
2015-12-29 16:00:04.220987,Mazagaon,PM2.5,211
2015-12-29 16:00:04.220987,Mazagaon,NO2,172
2015-12-29 16:00:04.220987,Mazagaon,CO,29
2015-12-29 16:00:04.220987,Mazagaon,O3,70
2015-12-29 16:00:04.220987,Worali,PM10,122
2015-12-29 16:00:04.220987,Worali,PM2.5,201
2015-12-29 16:00:04.220987,Worali,NO2,64
2015-12-29 16:00:04.220987,Worali,CO,
2015-12-29 16:00:04.220987,Worali,O3,40
2015-12-29 16:00:04.220987,BKC,PM10,142
2015-12-29 16:00:04.220987,BKC,PM2.5,313
2015-12-29 16:00:04.220987,BKC,NO2,174
2015-12-29 16:00:04.220987,BKC,CO,29
2015-12-29 16:00:04.220987,BKC,O3,20
2015-12-29 16:00:04.220987,Borivali,PM10,102
2015-12-29 16:00:04.220987,Borivali,PM2.5,280
2015-12-29 16:00:04.220987,Borivali,NO2,60
2015-12-29 16:00:04.220987,Borivali,CO,29
2015-12-29 16:00:04.220987,Borivali,O3,16
2015-12-29 16:00:04.220987,Chembur,PM10,120
2015-12-29 16:00:04.220987,Chembur,PM2.5,167
2015-12-29 16:00:04.220987,Chembur,NO2,93
2015-12-29 16:00:04.220987,Chembur,CO,59
2015-12-29 16:00:04.220987,Chembur,O3,7
2015-12-29 16:00:04.220987,Andheri,PM10,177
2015-12-29 16:00:04.220987,Andheri,PM2.5,326
2015-12-29 16:00:04.220987,Andheri,NO2,74
2015-12-29 16:00:04.220987,Andheri,CO,29
2015-12-29 16:00:04.220987,Andheri,O3,39
2015-12-29 16:00:04.220987,Malad,PM10,152
2015-12-29 16:00:04.220987,Malad,PM2.5,316
2015-12-29 16:00:04.220987,Malad,NO2,189
2015-12-29 16:00:04.220987,Malad,CO,
2015-12-29 16:00:04.220987,Malad,O3,3
2015-12-29 16:00:04.220987,Bhandup,PM10,143
2015-12-29 16:00:04.220987,Bhandup,PM2.5,259
2015-12-29 16:00:04.220987,Bhandup,NO2,95
2015-12-29 16:00:04.220987,Bhandup,CO,29
2015-12-29 16:00:04.220987,Bhandup,O3,9
2015-12-29 16:00:04.220987,Colaba,PM10,122
2015-12-29 16:00:04.220987,Colaba,PM2.5,180
2015-12-29 16:00:04.220987,Colaba,NO2,52
2015-12-29 16:00:04.220987,Colaba,CO,59
2015-12-29 16:00:04.220987,Colaba,O3,22
2015-12-29 20:00:03.493314,Mazagaon,PM10,116
2015-12-29 20:00:03.493314,Mazagaon,PM2.5,211
2015-12-29 20:00:03.493314,Mazagaon,NO2,172
2015-12-29 20:00:03.493314,Mazagaon,CO,29
2015-12-29 20:00:03.493314,Mazagaon,O3,70
2015-12-29 20:00:03.493314,Worali,PM10,122
2015-12-29 20:00:03.493314,Worali,PM2.5,201
2015-12-29 20:00:03.493314,Worali,NO2,64
2015-12-29 20:00:03.493314,Worali,CO,
2015-12-29 20:00:03.493314,Worali,O3,40
2015-12-29 20:00:03.493314,BKC,PM10,142
2015-12-29 20:00:03.493314,BKC,PM2.5,313
2015-12-29 20:00:03.493314,BKC,NO2,174
2015-12-29 20:00:03.493314,BKC,CO,29
2015-12-29 20:00:03.493314,BKC,O3,20
2015-12-29 20:00:03.493314,Borivali,PM10,102
2015-12-29 20:00:03.493314,Borivali,PM2.5,280
2015-12-29 20:00:03.493314,Borivali,NO2,60
2015-12-29 20:00:03.493314,Borivali,CO,29
2015-12-29 20:00:03.493314,Borivali,O3,16
2015-12-29 20:00:03.493314,Chembur,PM10,120
2015-12-29 20:00:03.493314,Chembur,PM2.5,167
2015-12-29 20:00:03.493314,Chembur,NO2,93
2015-12-29 20:00:03.493314,Chembur,CO,59
2015-12-29 20:00:03.493314,Chembur,O3,7
2015-12-29 20:00:03.493314,Andheri,PM10,177
2015-12-29 20:00:03.493314,Andheri,PM2.5,326
2015-12-29 20:00:03.493314,Andheri,NO2,74
2015-12-29 20:00:03.493314,Andheri,CO,29
2015-12-29 20:00:03.493314,Andheri,O3,39
2015-12-29 20:00:03.493314,Malad,PM10,152
2015-12-29 20:00:03.493314,Malad,PM2.5,316
2015-12-29 20:00:03.493314,Malad,NO2,189
2015-12-29 20:00:03.493314,Malad,CO,
2015-12-29 20:00:03.493314,Malad,O3,3
2015-12-29 20:00:03.493314,Bhandup,PM10,143
2015-12-29 20:00:03.493314,Bhandup,PM2.5,259
2015-12-29 20:00:03.493314,Bhandup,NO2,95
2015-12-29 20:00:03.493314,Bhandup,CO,29
2015-12-29 20:00:03.493314,Bhandup,O3,9
2015-12-29 20:00:03.493314,Colaba,PM10,122
2015-12-29 20:00:03.493314,Colaba,PM2.5,180
2015-12-29 20:00:03.493314,Colaba,NO2,52
2015-12-29 20:00:03.493314,Colaba,CO,59
2015-12-29 20:00:03.493314,Colaba,O3,22
2015-12-30 00:00:03.850214,Mazagaon,PM10,116
2015-12-30 00:00:03.850214,Mazagaon,PM2.5,211
2015-12-30 00:00:03.850214,Mazagaon,NO2,172
2015-12-30 00:00:03.850214,Mazagaon,CO,29
2015-12-30 00:00:03.850214,Mazagaon,O3,70
2015-12-30 00:00:03.850214,Worali,PM10,122
2015-12-30 00:00:03.850214,Worali,PM2.5,201
2015-12-30 00:00:03.850214,Worali,NO2,64
2015-12-30 00:00:03.850214,Worali,CO,
2015-12-30 00:00:03.850214,Worali,O3,40
2015-12-30 00:00:03.850214,BKC,PM10,142
2015-12-30 00:00:03.850214,BKC,PM2.5,313
2015-12-30 00:00:03.850214,BKC,NO2,174
2015-12-30 00:00:03.850214,BKC,CO,29
2015-12-30 00:00:03.850214,BKC,O3,20
2015-12-30 00:00:03.850214,Borivali,PM10,102
2015-12-30 00:00:03.850214,Borivali,PM2.5,280
2015-12-30 00:00:03.850214,Borivali,NO2,60
2015-12-30 00:00:03.850214,Borivali,CO,29
2015-12-30 00:00:03.850214,Borivali,O3,16
2015-12-30 00:00:03.850214,Chembur,PM10,120
2015-12-30 00:00:03.850214,Chembur,PM2.5,167
2015-12-30 00:00:03.850214,Chembur,NO2,93
2015-12-30 00:00:03.850214,Chembur,CO,59
2015-12-30 00:00:03.850214,Chembur,O3,7
2015-12-30 00:00:03.850214,Andheri,PM10,177
2015-12-30 00:00:03.850214,Andheri,PM2.5,326
2015-12-30 00:00:03.850214,Andheri,NO2,74
2015-12-30 00:00:03.850214,Andheri,CO,29
2015-12-30 00:00:03.850214,Andheri,O3,39
2015-12-30 00:00:03.850214,Malad,PM10,152
2015-12-30 00:00:03.850214,Malad,PM2.5,316
2015-12-30 00:00:03.850214,Malad,NO2,189
2015-12-30 00:00:03.850214,Malad,CO,
2015-12-30 00:00:03.850214,Malad,O3,3
2015-12-30 00:00:03.850214,Bhandup,PM10,143
2015-12-30 00:00:03.850214,Bhandup,PM2.5,259
2015-12-30 00:00:03.850214,Bhandup,NO2,95
2015-12-30 00:00:03.850214,Bhandup,CO,29
2015-12-30 00:00:03.850214,Bhandup,O3,9
2015-12-30 00:00:03.850214,Colaba,PM10,122
2015-12-30 00:00:03.850214,Colaba,PM2.5,180
2015-12-30 00:00:03.850214,Colaba,NO2,52
2015-12-30 00:00:03.850214,Colaba,CO,59
2015-12-30 00:00:03.850214,Colaba,O3,22
2015-12-30 04:00:04.210125,Mazagaon,PM10,116
2015-12-30 04:00:04.210125,Mazagaon,PM2.5,211
2015-12-30 04:00:04.210125,Mazagaon,NO2,172
2015-12-30 04:00:04.210125,Mazagaon,CO,29
2015-12-30 04:00:04.210125,Mazagaon,O3,70
2015-12-30 04:00:04.210125,Worali,PM10,122
2015-12-30 04:00:04.210125,Worali,PM2.5,201
2015-12-30 04:00:04.210125,Worali,NO2,64
2015-12-30 04:00:04.210125,Worali,CO,
2015-12-30 04:00:04.210125,Worali,O3,40
2015-12-30 04:00:04.210125,BKC,PM10,142
2015-12-30 04:00:04.210125,BKC,PM2.5,313
2015-12-30 04:00:04.210125,BKC,NO2,174
2015-12-30 04:00:04.210125,BKC,CO,29
2015-12-30 04:00:04.210125,BKC,O3,20
2015-12-30 04:00:04.210125,Borivali,PM10,102
2015-12-30 04:00:04.210125,Borivali,PM2.5,280
2015-12-30 04:00:04.210125,Borivali,NO2,60
2015-12-30 04:00:04.210125,Borivali,CO,29
2015-12-30 04:00:04.210125,Borivali,O3,16
2015-12-30 04:00:04.210125,Chembur,PM10,120
2015-12-30 04:00:04.210125,Chembur,PM2.5,167
2015-12-30 04:00:04.210125,Chembur,NO2,93
2015-12-30 04:00:04.210125,Chembur,CO,59
2015-12-30 04:00:04.210125,Chembur,O3,7
2015-12-30 04:00:04.210125,Andheri,PM10,177
2015-12-30 04:00:04.210125,Andheri,PM2.5,326
2015-12-30 04:00:04.210125,Andheri,NO2,74
2015-12-30 04:00:04.210125,Andheri,CO,29
2015-12-30 04:00:04.210125,Andheri,O3,39
2015-12-30 04:00:04.210125,Malad,PM10,152
2015-12-30 04:00:04.210125,Malad,PM2.5,316
2015-12-30 04:00:04.210125,Malad,NO2,189
2015-12-30 04:00:04.210125,Malad,CO,
2015-12-30 04:00:04.210125,Malad,O3,3
2015-12-30 04:00:04.210125,Bhandup,PM10,143
2015-12-30 04:00:04.210125,Bhandup,PM2.5,259
2015-12-30 04:00:04.210125,Bhandup,NO2,95
2015-12-30 04:00:04.210125,Bhandup,CO,29
2015-12-30 04:00:04.210125,Bhandup,O3,9
2015-12-30 04:00:04.210125,Colaba,PM10,122
2015-12-30 04:00:04.210125,Colaba,PM2.5,180
2015-12-30 04:00:04.210125,Colaba,NO2,52
2015-12-30 04:00:04.210125,Colaba,CO,59
2015-12-30 04:00:04.210125,Colaba,O3,22
